NO,주소2(동),단지명,전용면적(㎡),평수,계약년월,계약년,계약월,계약일,거래금액(만원),층,건축년도,도로명
1,후평동,한신,84.97,25.703425,202504,2025,4,21,13000,11,1991,부평길 7
2,칠전동,칠전2차대우,84.9583,25.69988575,202504,2025,4,21,19000,3,2002,칠전서길 15-2
3,삼천동,춘천파크자이,64.8151,19.60656775,202504,2025,4,20,39900,14,2020,스포츠타운길 460
4,석사동,퇴계주공4,59.99,18.146975,202504,2025,4,19,20000,5,1998,퇴계로 242
5,온의동,춘천센트럴파크푸르지오,74.8802,22.6512605,202504,2025,4,19,49700,31,2021,스포츠타운길 501
6,우두동,춘천우두이지더원시그니처,84.9667,25.70242675,202504,2025,4,19,42500,9,2021,우두1길 70
7,동내면,현대성우오스타,84.96,25.7004,202504,2025,4,18,28700,1,2009,춘천순환로 93
8,석사동,퇴계주공4,49.29,14.910225,202504,2025,4,18,15000,13,1998,퇴계로 242
9,효자동,동보,28.38,8.58495,202504,2025,4,18,5750,8,1999,공지로200번길 13
10,우두동,춘천파크에뷰,84.83,25.661075,202504,2025,4,18,37500,24,2020,우두1길 129
11,퇴계동,중앙하이츠빌3단지,84.9859,25.70823475,202504,2025,4,18,33300,5,2008,지석로 10
12,우두동,춘천우두이지더원시그니처,84.9667,25.70242675,202504,2025,4,18,42000,9,2021,우두1길 70
13,소양로2가,소양로현대,59.96,18.1379,202504,2025,4,18,13950,1,1998,모수물길 60
14,후평동,주공5,47.01,14.220525,202504,2025,4,18,12300,1,1989,후만로 15
15,효자동,신아,32.16,9.7284,202504,2025,4,18,6400,5,1997,백령로75번길 7
16,석사동,석사동현진에버빌1차,84.999,25.7121975,202504,2025,4,17,32850,14,2004,지석로 97
17,석사동,석사동현진에버빌1차,84.999,25.7121975,202504,2025,4,17,34500,10,2004,지석로 97
18,칠전동,대우,59.88,18.1137,202504,2025,4,17,12800,12,1999,옛경춘로 492
19,후평동,현대1차,84.81,25.655025,202504,2025,4,17,16200,10,1988,삭주로 113
20,후평동,세경3차아파트,49.68,15.0282,202504,2025,4,17,8500,15,1991,삭주로 125
21,퇴계동,이편한세상춘천한숲시티,59.8597,18.10755925,202504,2025,4,17,39900,14,2019,안마산로 133
22,소양로2가,e편한세상춘천,78.318,23.691195,202504,2025,4,17,34800,15,2014,서부대성로 33
23,석사동,석사대우,134.34,40.63785,202504,2025,4,17,38000,7,1998,우석로101번길 86
24,온의동,온의금호1차,72.24,21.8526,202504,2025,4,17,21000,15,1990,스포츠타운길 535
25,퇴계동,퇴계주공1차,49.71,15.037275,202504,2025,4,17,16100,11,2000,퇴계로 167
26,동내면,부영2차,84.9763,25.70533075,202504,2025,4,16,23000,4,2003,춘천순환로94번길 12
27,후평동,한신,84.97,25.703425,202504,2025,4,16,17400,12,1991,부평길 7
28,사농동,춘천뉴시티코아루,84.9808,25.706692,202504,2025,4,16,27000,5,2013,영서로 2922
29,우두동,춘천우두이지더원시그니처,84.9667,25.70242675,202504,2025,4,16,43700,25,2021,우두1길 70
30,온의동,럭키,84.97,25.703425,202504,2025,4,16,19700,4,1993,영서로 2317
31,신북읍,소양강양우내안애,47.6264,14.406986,202504,2025,4,16,9800,6,2012,신샘밭로 733
32,퇴계동,이편한세상춘천한숲시티,84.8462,25.6659755,202504,2025,4,15,55750,24,2019,안마산로 133
33,석사동,신우,84.99,25.709475,202504,2025,4,15,20000,6,1994,공지로 111
34,사농동,롯데캐슬2단지,84.99,25.709475,202504,2025,4,15,28300,4,2008,마장길 60
35,우두동,동부,84.961,25.7007025,202504,2025,4,15,17000,4,1994,충열로 32
36,후평동,세경3차아파트,49.68,15.0282,202504,2025,4,15,7000,10,1991,삭주로 125
37,퇴계동,퇴계2주공,59.99,18.146975,202504,2025,4,15,18800,13,1999,퇴계로 168
38,퇴계동,퇴계주공6차,59.83,18.098575,202504,2025,4,15,19000,1,2002,지석로 64
39,동면,춘천장학아이파크,84.9428,25.695197,202504,2025,4,14,32000,1,2012,만천로 242
40,석사동,진흥,59.15,17.892875,202504,2025,4,14,16150,6,1997,후석로186번길 9
41,후평동,석사2,58.14,17.58735,202504,2025,4,14,10900,4,1995,후석로228번길 24
42,석사동,휴먼타운,84.89,25.679225,202504,2025,4,14,25000,8,2002,지석로 29
43,동내면,부영3차,59.8404,18.101721,202504,2025,4,13,20500,3,2003,춘천순환로94번길 12
44,우두동,춘천우두이지더원시그니처,67.9628,20.558747,202504,2025,4,13,39300,7,2021,우두1길 70
45,온의동,온의롯데캐슬스카이클래스,84.796,25.65079,202504,2025,4,13,51000,8,2015,방송길 70
46,효자동,현진에버빌3차,84.954,25.698585,202504,2025,4,13,35000,3,2014,춘천로 120
47,퇴계동,퇴계2주공,59.99,18.146975,202504,2025,4,12,18000,8,1999,퇴계로 168
48,온의동,온의롯데캐슬스카이클래스,125.709,38.0269725,202504,2025,4,12,80000,15,2015,방송길 70
49,퇴계동,뜨란채,84.94,25.69435,202504,2025,4,12,27800,13,2006,승지골길16번길 47
50,후평동,춘천후평우미린뉴시티,84.974,25.704635,202504,2025,4,12,48300,18,2021,보안길 36
51,석사동,휴먼타운,84.89,25.679225,202504,2025,4,12,27500,11,2002,지석로 29
52,온의동,온의롯데캐슬스카이클래스,84.796,25.65079,202504,2025,4,12,55750,30,2015,방송길 70
53,칠전동,춘천칠전사랑으로부영,59.9381,18.13127525,202504,2025,4,12,18500,11,2012,칠전서길 45
54,석사동,휴먼타운,84.89,25.679225,202504,2025,4,12,26000,11,2002,지석로 29
55,후평동,춘천일성트루엘더퍼스트,68.989,20.8691725,202504,2025,4,12,33000,9,2018,백령로 215
56,후평동,춘천일성트루엘더퍼스트,59.958,18.137295,202504,2025,4,12,30000,11,2018,백령로 215
57,석사동,진흥,59.15,17.892875,202504,2025,4,12,14000,2,1997,후석로186번길 9
58,퇴계동,퇴계2주공,59.99,18.146975,202504,2025,4,12,17800,18,1999,퇴계로 168
59,후평동,현대1차,84.81,25.655025,202504,2025,4,12,17800,12,1988,삭주로 113
60,후평동,춘천일성트루엘더퍼스트,59.958,18.137295,202504,2025,4,12,28900,16,2018,백령로 215
61,효자동,현진에버빌3차,84.954,25.698585,202504,2025,4,12,34000,5,2014,춘천로 120
62,효자동,현진에버빌3차,84.954,25.698585,202504,2025,4,12,35000,7,2014,춘천로 120
63,사농동,현대,59.84,18.1016,202504,2025,4,11,16900,8,2002,영서로 2920
64,석사동,휴먼타운,84.89,25.679225,202504,2025,4,11,27000,14,2002,지석로 29
65,퇴계동,퇴계2주공,59.99,18.146975,202504,2025,4,11,19750,8,1999,퇴계로 168
66,약사동,춘천롯데캐슬위너클래스,73.3606,22.1915815,202504,2025,4,11,53000,18,2024,방송길 41
67,온의동,럭키,84.97,25.703425,202504,2025,4,11,21000,10,1993,영서로 2317
68,근화동,청와,39.7,12.00925,202504,2025,4,11,11000,3,1991,중앙로190번길 79
69,동내면,부영1차,84.9763,25.70533075,202504,2025,4,11,28500,17,2003,춘천순환로94번길 12
70,퇴계동,퇴계2주공,59.99,18.146975,202504,2025,4,11,18300,13,1999,퇴계로 168
71,석사동,신도브래뉴,84.9618,25.7009445,202504,2025,4,11,31500,4,2007,공지로 69-10
72,온의동,춘천센트럴타워푸르지오,84.9238,25.6894495,202504,2025,4,11,60800,23,2022,방송길 77
73,온의동,마젤란,84.8552,25.668698,202504,2025,4,10,36000,10,2007,영서로 2329
74,약사동,춘천롯데캐슬위너클래스,84.5453,25.57495325,202504,2025,4,10,56000,2,2024,방송길 41
75,석사동,퇴계3주공,84.79,25.648975,202504,2025,4,10,24300,14,1999,퇴계로 220-19
76,우두동,춘천우두이지더원시그니처,84.9667,25.70242675,202504,2025,4,10,42900,20,2021,우두1길 70
77,동면,춘천장학아이파크,84.8976,25.681524,202504,2025,4,10,33000,5,2012,만천로 242
78,신북읍,소양강양우내안애,60.6314,18.3409985,202504,2025,4,10,11200,15,2012,신샘밭로 733
79,석사동,석사대우,89.31,27.016275,202504,2025,4,10,26300,1,1998,우석로101번길 86
80,우두동,춘천파크에뷰,84.83,25.661075,202504,2025,4,10,37400,16,2020,우두1길 129
81,후평동,춘천더샵,127.2412,38.490463,202504,2025,4,10,40200,17,2008,후석로 325
82,온의동,온의롯데캐슬스카이클래스,84.796,25.65079,202504,2025,4,10,55700,26,2015,방송길 70
83,후평동,봉의,41.571,12.5752275,202504,2025,4,10,7000,4,1975,후석로441번길 40
84,후평동,춘천후평우미린뉴시티,59.888,18.11612,202504,2025,4,10,34500,7,2021,보안길 36
85,소양로2가,e편한세상춘천,104.796,31.70079,202504,2025,4,10,45500,17,2014,서부대성로 33
86,후평동,춘천후평우미린뉴시티,77.752,23.51998,202504,2025,4,10,41200,25,2021,보안길 36
87,동면,장학엘에이치해온채,84.97,25.703425,202504,2025,4,9,29800,17,2014,소양강로 102
88,퇴계동,춘천퇴계 세영리첼아파트,72.794,22.020185,202504,2025,4,9,34000,6,2018,김유정로 1866
89,석사동,휴먼타운,84.89,25.679225,202504,2025,4,9,25000,12,2002,지석로 29
90,사농동,현대,96.219,29.1062475,202504,2025,4,9,23300,4,2002,영서로 2920
91,효자동,동보,28.38,8.58495,202504,2025,4,9,5550,7,1999,공지로200번길 13
92,퇴계동,이편한세상춘천한숲시티,84.8462,25.6659755,202504,2025,4,9,57700,28,2019,안마산로 133
93,석사동,석사부영,59.76,18.0774,202504,2025,4,9,13400,5,1998,우석로101번길 83
94,퇴계동,퇴계2주공,49.79,15.061475,202504,2025,4,8,15650,14,1999,퇴계로 168
95,퇴계동,이편한세상춘천한숲시티,100.7683,30.48241075,202504,2025,4,8,68500,2,2019,안마산로 133
96,후평동,후평현대2차,84.842,25.664705,202504,2025,4,8,15000,2,1990,후석로326번길 13
97,약사동,춘천롯데캐슬위너클래스,84.5453,25.57495325,202504,2025,4,8,59600,17,2024,방송길 41
98,석사동,휴먼타운,84.89,25.679225,202504,2025,4,8,24000,3,2002,지석로 29
99,후평동,현대1차,71.55,21.643875,202504,2025,4,8,15450,7,1988,삭주로 113
100,후평동,주공4,49.22,14.88905,202504,2025,4,8,9900,4,1985,후만로98번길 9
101,사농동,춘천뉴시티코아루,84.9808,25.706692,202504,2025,4,8,24500,1,2013,영서로 2922
102,우두동,동부,84.961,25.7007025,202504,2025,4,8,16900,1,1994,충열로 32
103,석사동,신우,84.99,25.709475,202504,2025,4,8,20700,6,1994,공지로 111
104,퇴계동,이편한세상춘천한숲시티,74.9085,22.65982125,202504,2025,4,8,49000,18,2019,안마산로 133
105,후평동,초록지붕8차,84.3684,25.521441,202504,2025,4,8,21300,8,2010,세실로 260
106,후평동,세경3차아파트,49.68,15.0282,202504,2025,4,7,8700,7,1991,삭주로 125
107,석사동,현대,99.921,30.2261025,202504,2025,4,7,26400,3,1998,퇴계로 220-20
108,석사동,삼익2,84.36,25.5189,202504,2025,4,7,19400,1,1992,공지로 69-9
109,퇴계동,이편한세상춘천한숲시티,84.8265,25.66001625,202504,2025,4,7,55000,20,2019,안마산로 133
110,퇴계동,이편한세상춘천한숲시티,84.8265,25.66001625,202504,2025,4,7,57500,16,2019,안마산로 133
111,석사동,석사근로복지,46.99,14.214475,202504,2025,4,7,13400,2,1991,효석로67번길 23
112,근화동,신성미소지움,59.92,18.1258,202504,2025,4,7,24000,14,2007,근화길15번길 26
113,퇴계동,금호2차,84.6,25.5915,202504,2025,4,7,16500,1,1993,안마산로 214
114,퇴계동,현진,59.949,18.1345725,202504,2025,4,7,14000,5,1994,춘주로 150
115,석사동,퇴계주공4,59.99,18.146975,202504,2025,4,6,18300,14,1998,퇴계로 242
116,퇴계동,퇴계현대2차,43.2,13.068,202504,2025,4,6,9300,15,1994,행촌로 14
117,온의동,온의롯데캐슬스카이클래스,84.796,25.65079,202504,2025,4,6,53000,30,2015,방송길 70
118,퇴계동,퇴계2주공,59.99,18.146975,202504,2025,4,5,18700,15,1999,퇴계로 168
119,후평동,춘천더샵,67.025,20.2750625,202504,2025,4,5,28000,15,2008,후석로 325
120,삼천동,춘천파크자이,64.8603,19.62024075,202504,2025,4,5,41900,14,2020,스포츠타운길 460
121,온의동,온의롯데캐슬스카이클래스,84.796,25.65079,202504,2025,4,5,51300,4,2015,방송길 70
122,퇴계동,중앙하이츠빌3단지,106.9299,32.34629475,202504,2025,4,5,36250,3,2008,지석로 10
123,퇴계동,한주,134.43,40.665075,202504,2025,4,5,16000,4,1993,안마산로 217
124,동내면,부영3차,59.8404,18.101721,202504,2025,4,5,22500,3,2003,춘천순환로94번길 12
125,퇴계동,퇴계주공6차,59.92,18.1258,202504,2025,4,5,21500,12,2002,지석로 64
126,신북읍,소양강양우내안애,38.1055,11.52691375,202504,2025,4,5,7900,10,2012,신샘밭로 733
127,퇴계동,이편한세상춘천한숲시티,84.8462,25.6659755,202504,2025,4,5,57000,7,2019,안마산로 133
128,후평동,초록지붕8차,84.8803,25.67629075,202504,2025,4,5,20800,2,2010,세실로 260
129,석사동,청구,59.965,18.1394125,202504,2025,4,5,15700,12,1997,서부대성로 332
130,퇴계동,퇴계이안,84.9877,25.70877925,202504,2025,4,4,33500,10,2007,영서로 2169
131,후평동,석사2,58.14,17.58735,202504,2025,4,4,12800,15,1995,후석로228번길 24
132,후평동,춘천후평우미린뉴시티,68.618,20.756945,202504,2025,4,4,37000,16,2021,보안길 36
133,퇴계동,뜨란채,84.94,25.69435,202504,2025,4,4,26300,2,2006,승지골길16번길 47
134,석사동,진흥,59.15,17.892875,202504,2025,4,4,13800,1,1997,후석로186번길 9
135,후평동,춘천후평우미린뉴시티,68.618,20.756945,202504,2025,4,4,37100,31,2021,보안길 36
136,약사동,모아엘가센텀뷰아파트,84.9557,25.69909925,202504,2025,4,4,47800,12,2022,공지로 400
137,퇴계동,퇴계현대2차,59.76,18.0774,202504,2025,4,4,15200,4,1994,행촌로 14
138,동면,대동다:숲아파트,84.6937,25.61984425,202504,2025,4,4,26700,9,2008,후석로326번길 63
139,퇴계동,퇴계현대1차,84.99,25.709475,202504,2025,4,4,19100,9,1994,춘주로 162
140,요선동,춘천요선동한신'휴'플러스아파트,84.6937,25.61984425,202504,2025,4,4,25700,2,2007,서부대성로 34
141,퇴계동,쌍용스윗닷홈,84.879,25.6758975,202504,2025,4,3,35000,19,2005,춘주로 176-22
142,소양로2가,e편한세상춘천,84.966,25.702215,202504,2025,4,3,33800,4,2014,서부대성로 33
143,효자동,동보,37.2,11.253,202504,2025,4,3,7000,2,1999,공지로200번길 13
144,퇴계동,퇴계2주공,49.62,15.01005,202504,2025,4,3,15450,12,1999,퇴계로 168
145,퇴계동,퇴계주공1차,49.71,15.037275,202504,2025,4,3,14250,2,2000,퇴계로 167
146,온의동,온의롯데캐슬스카이클래스,84.796,25.65079,202504,2025,4,3,52700,31,2015,방송길 70
147,후평동,춘천후평우미린뉴시티,59.888,18.11612,202504,2025,4,3,34000,18,2021,보안길 36
148,퇴계동,퇴계현대2차,59.76,18.0774,202504,2025,4,2,14000,14,1994,행촌로 14
149,온의동,춘천센트럴타워푸르지오,84.9894,25.7092935,202504,2025,4,2,75000,42,2022,방송길 77
150,석사동,현진에버빌2차,84.96,25.7004,202504,2025,4,2,37600,13,2005,지석로 67
151,후평동,석사2,58.14,17.58735,202504,2025,4,2,13400,14,1995,후석로228번길 24
152,퇴계동,퇴계2주공,49.79,15.061475,202504,2025,4,2,14500,14,1999,퇴계로 168
153,퇴계동,중앙하이츠빌2단지,84.9589,25.70006725,202504,2025,4,2,32400,5,2007,영서로2141번길 25
154,사농동,롯데캐슬2단지,84.97,25.703425,202504,2025,4,2,28000,12,2008,마장길 60
155,퇴계동,퇴계주공6차,59.83,18.098575,202504,2025,4,2,18500,1,2002,지석로 64
156,우두동,춘천우두이지더원시그니처,67.7744,20.501756,202504,2025,4,2,37000,9,2021,우두1길 70
157,퇴계동,뜨란채,84.94,25.69435,202504,2025,4,2,26800,7,2006,승지골길16번길 47
158,석사동,현대,99.931,30.2291275,202504,2025,4,2,26500,10,1998,퇴계로 220-20
159,효자동,동보,28.38,8.58495,202504,2025,4,1,6400,7,1999,공지로200번길 13
160,효자동,효자코아루웰라움,66.9094,20.2400935,202504,2025,4,1,26500,18,2019,공지로218번길 26
161,퇴계동,휴먼시아남춘천2단지,84.97,25.703425,202504,2025,4,1,33000,12,2010,퇴계로 128
162,석사동,석사동현진에버빌1차,84.999,25.7121975,202504,2025,4,1,33000,3,2004,지석로 97
163,온의동,온의롯데캐슬스카이클래스,154.142,46.627955,202504,2025,4,1,95000,12,2015,방송길 70
164,우두동,춘천우두이지더원시그니처,84.9667,25.70242675,202504,2025,4,1,45300,13,2021,우두1길 70
165,동내면,호반베르디움,84.8387,25.66370675,202504,2025,4,1,35700,10,2009,외솔길19번길 80-7
166,동내면,부영2차,84.9763,25.70533075,202504,2025,4,1,25500,11,2003,춘천순환로94번길 12
167,후평동,동아,102,30.855,202503,2025,3,31,21500,7,1995,서부대성로 327
168,칠전동,칠전2차대우,84.9508,25.697617,202503,2025,3,31,21850,4,2002,칠전서길 15-2
169,동면,춘천KCC스위첸,84.972,25.70403,202503,2025,3,31,26800,9,2009,만천로 69
170,온의동,춘천센트럴타워푸르지오,84.9751,25.70496775,202503,2025,3,31,71000,11,2022,방송길 77
171,석사동,신우,84.99,25.709475,202503,2025,3,31,17800,1,1994,공지로 111
172,퇴계동,퇴계현대1차,59.94,18.13185,202503,2025,3,31,16600,11,1994,춘주로 162
173,석사동,현진에버빌2차,153.57,46.454925,202503,2025,3,31,74000,15,2005,지석로 67
174,후평동,후평주공6단지,59.12,17.8838,202503,2025,3,31,14000,4,1989,후만로 37
175,후평동,주공5,39.3,11.88825,202503,2025,3,31,10000,1,1989,후만로 15
176,사농동,현대,68.366,20.680715,202503,2025,3,31,17800,15,2002,영서로 2920
177,후평동,춘천더샵,59.9286,18.1284015,202503,2025,3,31,27700,9,2008,후석로 325
178,우두동,춘천우두이지더원시그니처,84.9667,25.70242675,202503,2025,3,31,44400,26,2021,우두1길 70
179,석사동,현진에버빌2차,84.96,25.7004,202503,2025,3,31,34500,6,2005,지석로 67
180,석사동,삼익2,73.34,22.18535,202503,2025,3,31,15900,6,1991,공지로 69-9
181,퇴계동,퇴계2주공,59.99,18.146975,202503,2025,3,30,16950,2,1999,퇴계로 168
182,후평동,춘천일성트루엘더퍼스트,84.989,25.7091725,202503,2025,3,30,39200,7,2018,백령로 215
183,근화동,신성미소지움,84.97,25.703425,202503,2025,3,30,31900,8,2007,근화길15번길 26
184,퇴계동,퇴계현대2차,59.76,18.0774,202503,2025,3,30,16200,12,1994,행촌로 14
185,후평동,춘천후평우미린뉴시티,59.888,18.11612,202503,2025,3,29,33500,2,2021,보안길 36
186,삼천동,춘천파크자이,74.8034,22.6280285,202503,2025,3,29,47700,18,2020,스포츠타운길 460
187,퇴계동,이편한세상춘천한숲시티,74.9085,22.65982125,202503,2025,3,29,47500,15,2019,안마산로 133
188,효자동,동보,28.38,8.58495,202503,2025,3,29,5970,4,1999,공지로200번길 13
189,동내면,부영1차,84.9763,25.70533075,202503,2025,3,29,28900,11,2003,춘천순환로94번길 12
190,온의동,춘천센트럴타워푸르지오,84.9238,25.6894495,202503,2025,3,29,61200,33,2022,방송길 77
191,근화동,청와,39.7,12.00925,202503,2025,3,29,9000,6,1991,중앙로190번길 79
192,동내면,부영2차,84.9763,25.70533075,202503,2025,3,29,22700,3,2003,춘천순환로94번길 12
193,후평동,현대1차,84.81,25.655025,202503,2025,3,29,15900,9,1988,삭주로 113
194,퇴계동,한주,84.6,25.5915,202503,2025,3,29,17000,10,1993,안마산로 217
195,석사동,퇴계3주공,84.79,25.648975,202503,2025,3,29,23000,6,1999,퇴계로 220-19
196,동면,장학엘에이치해온채,84.85,25.667125,202503,2025,3,29,32800,8,2014,소양강로 102
197,퇴계동,일성2,59.803,18.0904075,202503,2025,3,29,17500,17,1996,우묵길78번길 25
198,퇴계동,쌍용스윗닷홈,84.879,25.6758975,202503,2025,3,29,38500,12,2005,춘주로 176-22
199,퇴계동,뜨란채,84.94,25.69435,202503,2025,3,29,28000,6,2006,승지골길16번길 47
200,퇴계동,금호2차,84.6,25.5915,202503,2025,3,29,19000,6,1993,안마산로 214
201,퇴계동,금호2차,59.82,18.09555,202503,2025,3,29,15000,1,1993,안마산로 214
202,온의동,한주,59.91,18.122775,202503,2025,3,29,16400,11,1995,스포츠타운길 528-12
203,동면,두산위브,84.991,25.7097775,202503,2025,3,29,30800,12,2008,삭주로 231
204,후평동,석사2,51.66,15.62715,202503,2025,3,29,9500,15,1994,후석로228번길 24
205,석사동,진흥,59.15,17.892875,202503,2025,3,28,16900,11,1997,후석로186번길 9
206,석사동,진흥,59.15,17.892875,202503,2025,3,28,16000,6,1997,후석로186번길 9
207,퇴계동,퇴계주공1차,49.71,15.037275,202503,2025,3,28,15900,17,2000,퇴계로 167
208,퇴계동,휴먼시아남춘천2단지,84.95,25.697375,202503,2025,3,28,34500,3,2010,퇴계로 128
209,근화동,신성미소지움,111.72,33.7953,202503,2025,3,28,44000,4,2007,근화길15번길 26
210,근화동,신성미소지움,59.92,18.1258,202503,2025,3,27,25800,14,2007,근화길15번길 26
211,후평동,후평주공7단지,39.3,11.88825,202503,2025,3,27,9000,3,1989,후만로 56
212,석사동,두산,59.97,18.140925,202503,2025,3,27,16500,4,1997,후석로186번길 25
213,동면,그린하이츠,59.94,18.13185,202503,2025,3,27,9400,8,1995,가산로 95-55
214,후평동,춘천일성트루엘더퍼스트,84.989,25.7091725,202503,2025,3,27,42000,20,2018,백령로 215
215,퇴계동,퇴계2주공,49.62,15.01005,202503,2025,3,27,14500,2,1999,퇴계로 168
216,퇴계동,일성2,59.803,18.0904075,202503,2025,3,27,17400,8,1996,우묵길78번길 25
217,후평동,춘천일성트루엘더퍼스트,59.958,18.137295,202503,2025,3,27,31100,16,2018,백령로 215
218,퇴계동,퇴계2주공,49.62,15.01005,202503,2025,3,27,15300,11,1999,퇴계로 168
219,후평동,춘천일성트루엘더퍼스트,84.989,25.7091725,202503,2025,3,27,41000,10,2018,백령로 215
220,퇴계동,금호2차,84.6,25.5915,202503,2025,3,26,17600,1,1993,안마산로 214
221,칠전동,춘천칠전사랑으로부영,59.9381,18.13127525,202503,2025,3,26,17800,14,2012,칠전서길 45
222,퇴계동,이편한세상춘천한숲시티,84.8462,25.6659755,202503,2025,3,26,56500,9,2019,안마산로 133
223,약사동,춘천롯데캐슬위너클래스,73.3606,22.1915815,202503,2025,3,26,50800,9,2024,방송길 41
224,우두동,롯데인벤스,84.93,25.691325,202503,2025,3,26,27000,5,2006,충열로 29
225,동내면,부영3차,59.8404,18.101721,202503,2025,3,26,20200,6,2003,춘천순환로94번길 12
226,동면,춘천장학사랑으로부영,143.1284,43.296341,202503,2025,3,26,43000,2,2015,소양강로 104
227,후평동,춘천일성트루엘더퍼스트,68.94,20.85435,202503,2025,3,25,34200,4,2018,백령로 215
228,온의동,춘천센트럴타워푸르지오,84.9751,25.70496775,202503,2025,3,25,71000,27,2022,방송길 77
229,석사동,석사부영,59.76,18.0774,202503,2025,3,25,11700,14,1998,우석로101번길 83
230,퇴계동,퇴계우성,84.933,25.6922325,202503,2025,3,25,21800,1,1999,국사봉길 7
231,석사동,그랜드,84.95,25.697375,202503,2025,3,25,23600,10,1998,우석로101번길 20
232,석사동,휴먼타운,84.89,25.679225,202503,2025,3,25,27000,13,2002,지석로 29
233,소양로2가,e편한세상춘천,84.966,25.702215,202503,2025,3,25,37100,12,2014,서부대성로 33
234,석사동,휴먼타운,69.36,20.9814,202503,2025,3,25,18200,1,2002,지석로 29
235,후평동,춘천후평우미린뉴시티,59.888,18.11612,202503,2025,3,25,34200,18,2021,보안길 36
236,퇴계동,이편한세상춘천한숲시티,59.8597,18.10755925,202503,2025,3,25,41000,5,2019,안마산로 133
237,후평동,크로바아파트,53.325,16.1308125,202503,2025,3,25,6400,5,1982,춘천로281번길 15
238,후평동,석사2,51.66,15.62715,202503,2025,3,24,10500,13,1994,후석로228번길 24
239,우두동,춘천파크에뷰,84.83,25.661075,202503,2025,3,24,38500,25,2020,우두1길 129
240,퇴계동,퇴계주공1차,49.71,15.037275,202503,2025,3,24,16400,18,2000,퇴계로 167
241,온의동,금호3,59.86,18.10765,202503,2025,3,24,16500,8,1994,영서로 2319
242,석사동,퇴계주공4,59.99,18.146975,202503,2025,3,24,16800,1,1998,퇴계로 242
243,효자동,동보,37.2,11.253,202503,2025,3,24,8000,2,1999,공지로200번길 13
244,후평동,현대4,84.955,25.6988875,202503,2025,3,24,17000,4,1995,후석로326번길 44
245,약사동,춘천롯데캐슬위너클래스,59.9319,18.12939975,202503,2025,3,23,37000,3,2024,방송길 41
246,후평동,춘천일성트루엘더퍼스트,68.989,20.8691725,202503,2025,3,23,32500,7,2018,백령로 215
247,근화동,신성미소지움,59.92,18.1258,202503,2025,3,23,25000,3,2007,근화길15번길 26
248,온의동,럭키,84.97,25.703425,202503,2025,3,23,25000,10,1993,영서로 2317
249,칠전동,칠전2차대우,71.7847,21.71487175,202503,2025,3,23,17100,12,2002,칠전서길 15-2
250,석사동,휴먼타운,84.89,25.679225,202503,2025,3,23,24500,8,2002,지석로 29
251,후평동,극동,59.856,18.10644,202503,2025,3,23,14000,11,1997,후석로 459
252,신북읍,춘천해강,59.96,18.1379,202503,2025,3,23,9400,16,1997,상천2길 52
253,효자동,효자코아루웰라움,66.9094,20.2400935,202503,2025,3,23,25500,11,2019,공지로218번길 26
254,퇴계동,이편한세상춘천한숲시티,100.7683,30.48241075,202503,2025,3,23,68500,28,2019,안마산로 133
255,우두동,춘천우두이지더원시그니처,84.9667,25.70242675,202503,2025,3,22,42400,19,2021,우두1길 70
256,후평동,춘천후평우미린뉴시티,68.618,20.756945,202503,2025,3,22,36700,18,2021,보안길 36
257,후평동,춘천더샵,59.9286,18.1284015,202503,2025,3,22,26900,9,2008,후석로 325
258,석사동,청구,59.965,18.1394125,202503,2025,3,22,16300,6,1997,서부대성로 332
259,우두동,춘천우두이지더원시그니처,84.9667,25.70242675,202503,2025,3,22,44000,11,2021,우두1길 70
260,석사동,두산,59.97,18.140925,202503,2025,3,22,16800,4,1997,후석로186번길 25
261,동면,춘천장학아이파크,84.8675,25.67241875,202503,2025,3,22,32000,1,2012,만천로 242
262,근화동,신성미소지움,133.97,40.525925,202503,2025,3,22,50000,5,2007,근화길15번길 26
263,우두동,춘천우두이지더원시그니처,84.9667,25.70242675,202503,2025,3,22,39500,10,2021,우두1길 70
264,우두동,춘천파크에뷰,84.83,25.661075,202503,2025,3,22,35400,13,2020,우두1길 129
265,신북읍,소양강양우내안애,60.6314,18.3409985,202503,2025,3,22,12800,4,2012,신샘밭로 733
266,소양로2가,e편한세상춘천,84.966,25.702215,202503,2025,3,22,32500,2,2014,서부대성로 33
267,근화동,신성미소지움,84.97,25.703425,202503,2025,3,22,33500,15,2007,근화길15번길 26
268,약사동,춘천롯데캐슬위너클래스,84.5453,25.57495325,202503,2025,3,22,58000,10,2024,방송길 41
269,삼천동,춘천파크자이,64.8151,19.60656775,202503,2025,3,22,40500,11,2020,스포츠타운길 460
270,후평동,세경3차아파트,49.68,15.0282,202503,2025,3,22,8700,9,1991,삭주로 125
271,퇴계동,이편한세상춘천한숲시티,84.8265,25.66001625,202503,2025,3,22,55000,20,2019,안마산로 133
272,후평동,현대3,84.98,25.70645,202503,2025,3,21,17000,10,1990,후석로326번길 31
273,퇴계동,퇴계주공1차,49.71,15.037275,202503,2025,3,21,16200,12,2000,퇴계로 167
274,동내면,부영1차,84.9763,25.70533075,202503,2025,3,21,23000,6,2003,춘천순환로94번길 12
275,후평동,춘천더샵,59.9429,18.13272725,202503,2025,3,21,27000,12,2008,후석로 325
276,우두동,춘천파크에뷰,74.62,22.57255,202503,2025,3,21,32400,15,2020,우두1길 129
277,근화동,신성미소지움,59.92,18.1258,202503,2025,3,21,25500,12,2007,근화길15번길 26
278,퇴계동,중앙하이츠빌2단지,84.9589,25.70006725,202503,2025,3,21,30800,13,2007,영서로2141번길 25
279,후평동,초록지붕8차,84.984,25.70766,202503,2025,3,20,23500,4,2010,세실로 260
280,퇴계동,중앙하이츠빌1단지,120.2572,36.377803,202503,2025,3,20,45000,14,2006,영서로2141번길 33
281,퇴계동,퇴계현대2차,59.76,18.0774,202503,2025,3,20,15800,15,1994,행촌로 14
282,칠전동,대우,59.89,18.116725,202503,2025,3,20,13350,11,1999,옛경춘로 492
283,우두동,롯데인벤스,84.93,25.691325,202503,2025,3,20,25000,15,2006,충열로 29
284,석사동,석사극동,135.28,40.9222,202503,2025,3,20,19500,14,1992,공지로 43
285,근화동,신성미소지움,59.92,18.1258,202503,2025,3,20,23700,2,2007,근화길15번길 26
286,후평동,세경3차아파트,49.68,15.0282,202503,2025,3,20,8700,8,1991,삭주로 125
287,온의동,럭키,84.97,25.703425,202503,2025,3,20,17800,3,1993,영서로 2317
288,석사동,삼익1,84.73,25.630825,202503,2025,3,19,16500,4,1990,춘천순환로 42
289,퇴계동,이편한세상춘천한숲시티,84.8265,25.66001625,202503,2025,3,19,58500,18,2019,안마산로 133
290,후평동,초록지붕8차,84.8091,25.65475275,202503,2025,3,19,23050,11,2010,세실로 260
291,우두동,춘천우두이지더원시그니처,84.9667,25.70242675,202503,2025,3,19,41500,15,2021,우두1길 70
292,퇴계동,현진,59.949,18.1345725,202503,2025,3,19,14850,7,1994,춘주로 150
293,우두동,춘천우두이지더원시그니처,84.9667,25.70242675,202503,2025,3,19,42000,8,2021,우두1길 70
294,우두동,강변코아루,83.862,25.368255,202503,2025,3,19,24200,8,2007,새청말길 26
295,우두동,춘천우두이지더원시그니처,84.9667,25.70242675,202503,2025,3,19,43000,13,2021,우두1길 70
296,퇴계동,퇴계주공6차,59.92,18.1258,202503,2025,3,18,21800,5,2002,지석로 64
297,온의동,춘천센트럴파크푸르지오,84.8878,25.6785595,202503,2025,3,18,54700,8,2021,스포츠타운길 501
298,후평동,세경3차아파트,49.68,15.0282,202503,2025,3,18,9600,13,1991,삭주로 125
299,퇴계동,퇴계주공6차,59.83,18.098575,202503,2025,3,18,20500,14,2002,지석로 64
300,석사동,석사부영,59.76,18.0774,202503,2025,3,18,14000,10,1998,우석로101번길 83
301,퇴계동,이편한세상춘천한숲시티,59.8597,18.10755925,202503,2025,3,18,41200,13,2019,안마산로 133
302,후평동,극동,59.856,18.10644,202503,2025,3,18,14000,17,1997,후석로 459
303,후평동,주공5,47.01,14.220525,202503,2025,3,18,14000,2,1989,후만로 15
304,약사동,춘천롯데캐슬위너클래스,84.5453,25.57495325,202503,2025,3,18,62000,21,2024,방송길 41
305,후평동,세경3차아파트,49.68,15.0282,202503,2025,3,18,8500,6,1991,삭주로 125
306,퇴계동,"한진,한성",84.83,25.661075,202503,2025,3,18,19000,5,1995,행촌로 11
307,온의동,춘천센트럴파크푸르지오,74.8802,22.6512605,202503,2025,3,17,48000,14,2021,스포츠타운길 501
308,온의동,한주,84.765,25.6414125,202503,2025,3,17,18100,2,1995,스포츠타운길 528-12
309,효자동,내안愛양우,84.984,25.70766,202503,2025,3,17,26600,13,2005,공지로317번길 11
310,후평동,춘천일성트루엘더퍼스트,68.989,20.8691725,202503,2025,3,17,33700,17,2018,백령로 215
311,신북읍,소양강양우내안애,38.1055,11.52691375,202503,2025,3,17,8000,13,2012,신샘밭로 733
312,퇴계동,현진,59.949,18.1345725,202503,2025,3,17,13000,4,1994,춘주로 150
313,칠전동,대우,60,18.15,202503,2025,3,17,14000,3,1999,옛경춘로 492
314,온의동,한주,84.765,25.6414125,202503,2025,3,17,18100,2,1995,스포츠타운길 528-12
315,후평동,석사2,58.14,17.58735,202503,2025,3,17,12350,8,1995,후석로228번길 24
316,후평동,춘천더샵,145.5773,44.03713325,202503,2025,3,17,47000,20,2008,후석로 325
317,약사동,모아엘가센텀뷰아파트,59.9379,18.13121475,202503,2025,3,17,36000,9,2022,공지로 400
318,퇴계동,휴먼시아남춘천2단지,84.97,25.703425,202503,2025,3,17,32000,12,2010,퇴계로 128
319,퇴계동,휴먼시아남춘천1단지,101.87,30.815675,202503,2025,3,17,42800,3,2011,남춘천새길 11
320,온의동,춘천센트럴타워푸르지오,84.9751,25.70496775,202503,2025,3,16,73200,15,2022,방송길 77
321,우두동,춘천파크에뷰,74.99,22.684475,202503,2025,3,16,33000,20,2020,우두1길 129
322,온의동,온의롯데캐슬스카이클래스,99.629,30.1377725,202503,2025,3,16,64000,32,2015,방송길 70
323,효자동,동보,28.38,8.58495,202503,2025,3,16,6100,12,1999,공지로200번길 13
324,퇴계동,퇴계이안,84.9877,25.70877925,202503,2025,3,16,30000,1,2007,영서로 2169
325,후평동,춘천더샵,84.9129,25.68615225,202503,2025,3,16,33800,16,2008,후석로 325
326,온의동,온의롯데캐슬스카이클래스,99.629,30.1377725,202503,2025,3,15,63750,24,2015,방송길 70
327,요선동,춘천요선동한신'휴'플러스아파트,84.6937,25.61984425,202503,2025,3,15,27500,6,2007,서부대성로 34
328,석사동,현대,99.921,30.2261025,202503,2025,3,15,29900,9,1998,퇴계로 220-20
329,우두동,춘천파크에뷰,84.83,25.661075,202503,2025,3,15,35200,1,2020,우두1길 129
330,온의동,춘천센트럴파크푸르지오,124.7934,37.7500035,202503,2025,3,15,86000,14,2021,스포츠타운길 501
331,후평동,춘천후평우미린뉴시티,84.994,25.710685,202503,2025,3,15,50000,20,2021,보안길 36
332,효자동,동보,28.38,8.58495,202503,2025,3,15,6100,10,1999,공지로200번길 13
333,후평동,석사2,58.14,17.58735,202503,2025,3,15,14200,6,1995,후석로228번길 24
334,신북읍,소양강양우내안애,38.1055,11.52691375,202503,2025,3,15,7300,4,2012,신샘밭로 733
335,후평동,춘천후평우미린뉴시티,84.994,25.710685,202503,2025,3,15,48000,8,2021,보안길 36
336,우두동,춘천파크에뷰,84.83,25.661075,202503,2025,3,15,33900,4,2020,우두1길 129
337,소양로2가,e편한세상춘천,78.318,23.691195,202503,2025,3,15,35400,9,2014,서부대성로 33
338,퇴계동,퇴계현대2차,59.76,18.0774,202503,2025,3,15,13300,4,1994,행촌로 14
339,소양로2가,e편한세상춘천,84.885,25.6777125,202503,2025,3,15,38900,8,2014,서부대성로 33
340,약사동,춘천롯데캐슬위너클래스,59.9319,18.12939975,202503,2025,3,14,43700,16,2024,방송길 41
341,동내면,산수빌,59.9516,18.135359,202503,2025,3,14,14800,5,2005,향군길 23
342,사농동,롯데캐슬2단지,84.97,25.703425,202503,2025,3,14,27500,10,2008,마장길 60
343,석사동,신도브래뉴,128.1497,38.76528425,202503,2025,3,14,40000,10,2007,공지로 69-10
344,칠전동,춘천칠전사랑으로부영,59.9381,18.13127525,202503,2025,3,14,18250,6,2012,칠전서길 45
345,퇴계동,퇴계2주공,59.99,18.146975,202503,2025,3,14,17400,18,1999,퇴계로 168
346,후평동,현대3,84.98,25.70645,202503,2025,3,14,18000,8,1990,후석로326번길 31
347,약사동,춘천롯데캐슬위너클래스,59.9319,18.12939975,202503,2025,3,14,43000,22,2024,방송길 41
348,퇴계동,뜨란채,84.94,25.69435,202503,2025,3,14,28200,13,2006,승지골길16번길 47
349,약사동,춘천롯데캐슬위너클래스,84.8013,25.65239325,202503,2025,3,13,63500,19,2024,방송길 41
350,동면,춘천장학아이파크,84.9428,25.695197,202503,2025,3,13,36400,8,2012,만천로 242
351,우두동,춘천파크에뷰,84.71,25.624775,202503,2025,3,13,37500,25,2020,우두1길 129
352,퇴계동,이편한세상춘천한숲시티,74.9085,22.65982125,202503,2025,3,13,47900,30,2019,안마산로 133
353,동면,그린하이츠,59.94,18.13185,202503,2025,3,13,9700,11,1995,가산로 95-55
354,석사동,삼익2,73.34,22.18535,202503,2025,3,13,14200,5,1992,공지로 69-9
355,석사동,석사극동,84.96,25.7004,202503,2025,3,13,16000,5,1992,공지로 43
356,근화동,신성미소지움,59.92,18.1258,202503,2025,3,13,24500,8,2007,근화길15번길 26
357,후평동,춘천후평우미린뉴시티,68.618,20.756945,202503,2025,3,12,36800,25,2021,보안길 36
358,석사동,휴먼타운,84.89,25.679225,202503,2025,3,12,25000,15,2002,지석로 29
359,신북읍,춘천해강,59.96,18.1379,202503,2025,3,12,10000,16,1997,상천2길 52
360,퇴계동,"한진,한성",84.86,25.67015,202503,2025,3,12,21000,7,1995,행촌로 11
361,석사동,청구,59.965,18.1394125,202503,2025,3,12,16000,1,1997,서부대성로 332
362,퇴계동,중앙하이츠빌3단지,84.9859,25.70823475,202503,2025,3,12,33400,7,2008,지석로 10
363,퇴계동,그린타운삼익코오롱,99.99,30.246975,202503,2025,3,12,22000,3,1994,춘주로 174
364,후평동,춘천일성트루엘더퍼스트,68.989,20.8691725,202503,2025,3,12,33500,13,2018,백령로 215
365,후평동,춘천일성트루엘더퍼스트,68.989,20.8691725,202503,2025,3,11,30500,4,2018,백령로 215
366,후평동,춘천일성트루엘더퍼스트,84.989,25.7091725,202503,2025,3,11,40950,2,2018,백령로 215
367,석사동,현진에버빌2차,91.36,27.6364,202503,2025,3,11,33000,3,2005,지석로 67
368,퇴계동,쌍용스윗닷홈,123.578,37.382345,202503,2025,3,11,40000,5,2005,춘주로 176-22
369,우두동,춘천우두이지더원시그니처,84.9667,25.70242675,202503,2025,3,11,42800,23,2021,우두1길 70
370,퇴계동,이편한세상춘천한숲시티,84.8462,25.6659755,202503,2025,3,11,56400,22,2019,안마산로 133
371,석사동,신도브래뉴,128.1497,38.76528425,202503,2025,3,11,41200,13,2007,공지로 69-10
372,석사동,퇴계주공4,59.99,18.146975,202503,2025,3,11,17800,7,1998,퇴계로 242
373,후평동,후평현대5차,59.89,18.116725,202503,2025,3,11,11500,10,1996,후만로24번길 13
374,퇴계동,퇴계2주공,59.99,18.146975,202503,2025,3,11,17600,10,1999,퇴계로 168
375,후평동,춘천일성트루엘더퍼스트,68.989,20.8691725,202503,2025,3,11,35000,14,2018,백령로 215
376,퇴계동,퇴계주공1차,49.71,15.037275,202503,2025,3,10,15700,5,2000,퇴계로 167
377,동내면,부영3차,59.8404,18.101721,202503,2025,3,10,22000,10,2003,춘천순환로94번길 12
378,석사동,퇴계주공4,59.99,18.146975,202503,2025,3,10,18600,13,1998,퇴계로 242
379,근화동,신성미소지움,59.92,18.1258,202503,2025,3,10,25500,10,2007,근화길15번길 26
380,퇴계동,그린타운삼익코오롱,132.3,40.02075,202503,2025,3,10,23000,13,1994,춘주로 174
381,퇴계동,퇴계현대2차,59.76,18.0774,202503,2025,3,10,16000,6,1994,행촌로 14
382,칠전동,대우,59.88,18.1137,202503,2025,3,10,14500,13,1999,옛경춘로 492
383,석사동,석사부영,59.76,18.0774,202503,2025,3,10,12900,13,1998,우석로101번길 83
384,온의동,금호3,84.97,25.703425,202503,2025,3,10,19400,10,1994,영서로 2319
385,석사동,석사부영,59.76,18.0774,202503,2025,3,10,13500,5,1998,우석로101번길 83
386,후평동,석사2,58.14,17.58735,202503,2025,3,9,11900,7,1995,후석로228번길 24
387,근화동,신성미소지움,59.92,18.1258,202503,2025,3,9,25500,15,2007,근화길15번길 26
388,퇴계동,이편한세상춘천한숲시티,84.8265,25.66001625,202503,2025,3,9,57250,23,2019,안마산로 133
389,신북읍,소양강양우내안애,38.1055,11.52691375,202503,2025,3,9,8000,5,2012,신샘밭로 733
390,퇴계동,그린타운삼익코오롱,99.99,30.246975,202503,2025,3,9,21000,3,1994,춘주로 174
391,사농동,롯데캐슬2단지,84.97,25.703425,202503,2025,3,9,23800,2,2008,마장길 60
392,석사동,세경5차,48.93,14.801325,202503,2025,3,9,11500,2,1999,남춘천새길 42
393,석사동,두산,59.97,18.140925,202503,2025,3,8,17000,2,1997,후석로186번길 25
394,퇴계동,이편한세상춘천한숲시티,84.8265,25.66001625,202503,2025,3,8,54300,7,2019,안마산로 133
395,사농동,춘천뉴시티코아루,79.9414,24.1822735,202503,2025,3,8,24000,11,2013,영서로 2922
396,우두동,춘천파크에뷰,84.71,25.624775,202503,2025,3,8,35000,19,2020,우두1길 129
397,온의동,춘천센트럴파크푸르지오,59.9277,18.12812925,202503,2025,3,8,43500,10,2021,스포츠타운길 501
398,근화동,신성미소지움,133.97,40.525925,202503,2025,3,8,50300,7,2007,근화길15번길 26
399,퇴계동,그린타운삼익코오롱,132.3,40.02075,202503,2025,3,8,23500,4,1994,춘주로 174
400,퇴계동,퇴계주공6차,59.92,18.1258,202503,2025,3,8,21200,6,2002,지석로 64
401,석사동,퇴계3주공,84.9,25.68225,202503,2025,3,8,21250,4,1999,퇴계로 220-19
402,후평동,춘천일성트루엘더퍼스트,84.989,25.7091725,202503,2025,3,8,41500,11,2018,백령로 215
403,후평동,초록지붕8차,84.8091,25.65475275,202503,2025,3,8,21500,2,2010,세실로 260
404,우두동,춘천파크에뷰,74.62,22.57255,202503,2025,3,8,32000,5,2020,우두1길 129
405,동면,춘천장학아이파크,84.9428,25.695197,202503,2025,3,8,32800,4,2012,만천로 242
406,약사동,모아엘가센텀뷰아파트,59.9379,18.13121475,202503,2025,3,7,35900,5,2022,공지로 400
407,동면,그린하이츠,59.94,18.13185,202503,2025,3,7,10250,12,1995,가산로 95-55
408,퇴계동,퇴계현대2차,59.76,18.0774,202503,2025,3,7,13300,4,1994,행촌로 14
409,후평동,춘천더샵,84.9129,25.68615225,202503,2025,3,7,29900,6,2008,후석로 325
410,근화동,청와,39.7,12.00925,202503,2025,3,7,9200,5,1991,중앙로190번길 79
411,퇴계동,"한진,한성",59.54,18.01085,202503,2025,3,7,16400,15,1995,행촌로 11
412,효자동,동보,37.2,11.253,202503,2025,3,7,8000,9,1999,공지로200번길 13
413,동내면,부영1차,84.9763,25.70533075,202503,2025,3,7,22900,1,2003,춘천순환로94번길 12
414,소양로2가,e편한세상춘천,84.966,25.702215,202503,2025,3,7,37000,11,2014,서부대성로 33
415,후평동,춘천일성트루엘더퍼스트,59.958,18.137295,202503,2025,3,7,31000,20,2018,백령로 215
416,석사동,현진에버빌2차,84.96,25.7004,202503,2025,3,7,38000,10,2005,지석로 67
417,퇴계동,일성2,84.92,25.6883,202503,2025,3,7,22500,2,1996,우묵길78번길 25
418,퇴계동,퇴계현대1차,59.94,18.13185,202503,2025,3,7,16000,15,1994,춘주로 162
419,후평동,초록지붕8차,84.8803,25.67629075,202503,2025,3,6,22200,14,2010,세실로 260
420,약사동,모아엘가센텀뷰아파트,84.9557,25.69909925,202503,2025,3,6,44500,4,2022,공지로 400
421,석사동,그랜드,84.95,25.697375,202503,2025,3,6,22000,11,1998,우석로101번길 20
422,온의동,럭키,84.97,25.703425,202503,2025,3,6,20300,10,1993,영서로 2317
423,우두동,춘천우두이지더원시그니처,84.9667,25.70242675,202503,2025,3,6,41000,14,2021,우두1길 70
424,후평동,춘천일성트루엘더퍼스트,68.989,20.8691725,202503,2025,3,5,33800,17,2018,백령로 215
425,석사동,그랜드,84.95,25.697375,202503,2025,3,5,19200,1,1998,우석로101번길 20
426,온의동,춘천센트럴타워푸르지오,84.9517,25.69788925,202503,2025,3,5,78000,48,2022,방송길 77
427,온의동,금호3,84.97,25.703425,202503,2025,3,5,20200,9,1994,영서로 2319
428,후평동,크로바아파트,52.38,15.84495,202503,2025,3,5,5600,4,1982,춘천로281번길 15
429,석사동,퇴계주공4,59.99,18.146975,202503,2025,3,5,16700,2,1998,퇴계로 242
430,석사동,신우,84.99,25.709475,202503,2025,3,5,20900,7,1994,공지로 111
431,온의동,보배,84.74,25.63385,202503,2025,3,5,18500,13,1992,스포츠타운길 529-15
432,약사동,춘천롯데캐슬위너클래스,59.9319,18.12939975,202503,2025,3,5,42800,18,2024,방송길 41
433,퇴계동,중앙하이츠빌2단지,84.9589,25.70006725,202503,2025,3,5,30700,13,2007,영서로2141번길 25
434,후평동,한신,84.97,25.703425,202503,2025,3,4,14700,2,1991,부평길 7
435,칠전동,대우,60,18.15,202503,2025,3,4,17000,7,1999,옛경춘로 492
436,퇴계동,퇴계주공6차,59.92,18.1258,202503,2025,3,4,21900,5,2002,지석로 64
437,퇴계동,퇴계현대2차,43.2,13.068,202503,2025,3,4,10650,4,1994,행촌로 14
438,퇴계동,퇴계2주공,49.62,15.01005,202503,2025,3,4,13500,5,1999,퇴계로 168
439,퇴계동,뜨란채,84.94,25.69435,202503,2025,3,4,27800,6,2006,승지골길16번길 47
440,석사동,현대,134.99,40.834475,202503,2025,3,4,35100,10,1998,퇴계로 220-20
441,퇴계동,퇴계주공6차,59.92,18.1258,202503,2025,3,4,17000,2,2002,지석로 64
442,후평동,후평주공7단지,46.68,14.1207,202503,2025,3,4,10800,3,1989,후만로 56
443,퇴계동,퇴계주공1차,49.71,15.037275,202503,2025,3,4,16600,4,2000,퇴계로 167
444,온의동,춘천센트럴타워푸르지오,84.9517,25.69788925,202503,2025,3,4,83500,49,2022,방송길 77
445,동내면,현대성우오스타,84.96,25.7004,202503,2025,3,3,35900,17,2009,춘천순환로 93
446,근화동,신성미소지움,59.92,18.1258,202503,2025,3,3,25500,10,2007,근화길15번길 26
447,근화동,신성미소지움,84.97,25.703425,202503,2025,3,3,33000,9,2007,근화길15번길 26
448,퇴계동,이편한세상춘천한숲시티,100.7683,30.48241075,202503,2025,3,3,68900,25,2019,안마산로 133
449,퇴계동,퇴계이안,84.9877,25.70877925,202503,2025,3,3,34200,10,2007,영서로 2169
450,퇴계동,이편한세상춘천한숲시티,84.8265,25.66001625,202503,2025,3,3,54000,7,2019,안마산로 133
451,퇴계동,퇴계2주공,59.99,18.146975,202503,2025,3,3,18000,5,1999,퇴계로 168
452,온의동,춘천센트럴파크푸르지오,84.8968,25.681282,202503,2025,3,2,56300,14,2021,스포츠타운길 501
453,온의동,온의롯데캐슬스카이클래스,99.629,30.1377725,202503,2025,3,2,61000,30,2015,방송길 70
454,우두동,춘천파크에뷰,84.83,25.661075,202503,2025,3,2,38500,25,2020,우두1길 129
455,온의동,춘천센트럴파크푸르지오,84.8968,25.681282,202503,2025,3,2,54800,21,2021,스포츠타운길 501
456,우두동,동부,84.961,25.7007025,202503,2025,3,1,25950,9,1994,충열로 32
457,퇴계동,뜨란채,84.94,25.69435,202503,2025,3,1,27800,8,2006,승지골길16번길 47
458,퇴계동,휴먼시아남춘천1단지,101.99,30.851975,202503,2025,3,1,44000,11,2011,남춘천새길 11
459,동면,대동다:숲아파트,84.6937,25.61984425,202503,2025,3,1,24000,15,2008,후석로326번길 63
460,석사동,석사동현진에버빌1차,84.921,25.6886025,202503,2025,3,1,30000,3,2004,지석로 97
461,퇴계동,이편한세상춘천한숲시티,84.8265,25.66001625,202503,2025,3,1,54500,18,2019,안마산로 133
462,우두동,강변코아루,84.87,25.673175,202503,2025,3,1,23000,4,2007,새청말길 26
463,우두동,동부,59.964,18.13911,202503,2025,3,1,15400,6,1994,충열로 32
464,퇴계동,퇴계우성,84.933,25.6922325,202502,2025,2,28,24000,14,1999,국사봉길 7
465,온의동,럭키,84.97,25.703425,202502,2025,2,28,21200,15,1993,영서로 2317
466,석사동,퇴계주공4,59.99,18.146975,202502,2025,2,28,21500,3,1998,퇴계로 242
467,후평동,석사2,51.66,15.62715,202502,2025,2,28,10900,14,1994,후석로228번길 24
468,석사동,석사동현진에버빌1차,84.921,25.6886025,202502,2025,2,28,33500,3,2004,지석로 97
469,후평동,춘천더샵,145.4234,43.9905785,202502,2025,2,28,40000,1,2008,후석로 325
470,신북읍,춘천해강,37.35,11.298375,202502,2025,2,28,6800,8,1997,상천2길 52
471,동면,춘천장학아이파크,84.9428,25.695197,202502,2025,2,28,32700,4,2012,만천로 242
472,효자동,동보,28.38,8.58495,202502,2025,2,28,5700,9,1999,공지로200번길 13
473,효자동,효자동일성,59.96,18.1379,202502,2025,2,28,14800,4,1995,두하길 22
474,퇴계동,그린타운삼익코오롱,132.3,40.02075,202502,2025,2,28,20500,2,1994,춘주로 174
475,요선동,춘천요선동한신'휴'플러스아파트,84.8615,25.67060375,202502,2025,2,28,29700,7,2007,서부대성로 34
476,석사동,석사근로복지,47.32,14.3143,202502,2025,2,28,12500,2,1991,효석로67번길 23
477,후평동,석사2,58.14,17.58735,202502,2025,2,28,10100,7,1995,후석로228번길 24
478,퇴계동,퇴계2주공,59.99,18.146975,202502,2025,2,28,16900,17,1999,퇴계로 168
479,온의동,온의롯데캐슬스카이클래스,84.796,25.65079,202502,2025,2,28,51000,5,2015,방송길 70
480,석사동,두산,59.97,18.140925,202502,2025,2,28,17500,14,1997,후석로186번길 25
481,동면,대동다:숲아파트,84.6937,25.61984425,202502,2025,2,28,23000,3,2008,후석로326번길 63
482,우두동,춘천우두이지더원시그니처,84.9667,25.70242675,202502,2025,2,28,43200,21,2021,우두1길 70
483,효자동,동보,28.38,8.58495,202502,2025,2,27,5900,5,1999,공지로200번길 13
484,후평동,석사2,51.66,15.62715,202502,2025,2,27,11300,10,1994,후석로228번길 24
485,후평동,초록지붕8차,84.8803,25.67629075,202502,2025,2,27,22500,10,2010,세실로 260
486,동내면,부영2차,84.9763,25.70533075,202502,2025,2,27,22000,6,2003,춘천순환로94번길 12
487,석사동,그랜드,84.95,25.697375,202502,2025,2,27,22500,10,1998,우석로101번길 20
488,퇴계동,퇴계현대1차,84.99,25.709475,202502,2025,2,27,20500,12,1994,춘주로 162
489,동면,대동다:숲아파트,84.6937,25.61984425,202502,2025,2,27,25800,8,2008,후석로326번길 63
490,퇴계동,일성2,59.803,18.0904075,202502,2025,2,26,18000,12,1996,우묵길78번길 25
491,후평동,극동,59.856,18.10644,202502,2025,2,26,13700,8,1997,후석로 459
492,석사동,석사부영,59.76,18.0774,202502,2025,2,26,12300,10,1998,우석로101번길 83
493,퇴계동,퇴계현대2차,43.2,13.068,202502,2025,2,26,12000,15,1994,행촌로 14
494,퇴계동,"한진,한성",84.83,25.661075,202502,2025,2,26,18800,15,1995,행촌로 11
495,후평동,초록지붕8차,84.8091,25.65475275,202502,2025,2,26,22100,15,2010,세실로 260
496,소양로2가,e편한세상춘천,84.966,25.702215,202502,2025,2,26,30800,1,2014,서부대성로 33
497,후평동,춘천후평우미린뉴시티,84.995,25.7109875,202502,2025,2,26,49300,31,2021,보안길 36
498,온의동,춘천센트럴파크푸르지오,84.9855,25.70811375,202502,2025,2,26,54000,16,2021,스포츠타운길 501
499,신북읍,소양강양우내안애,38.1055,11.52691375,202502,2025,2,26,7900,4,2012,신샘밭로 733
500,후평동,춘천더샵,84.9716,25.703909,202502,2025,2,25,32500,16,2008,후석로 325
501,우두동,춘천우두이지더원시그니처,84.9667,25.70242675,202502,2025,2,25,45800,12,2021,우두1길 70
502,석사동,석사동현진에버빌1차,84.999,25.7121975,202502,2025,2,25,35000,11,2004,지석로 97
503,우두동,춘천파크에뷰,84.71,25.624775,202502,2025,2,25,34800,13,2020,우두1길 129
504,남산면,근로자임대,37.7,11.40425,202502,2025,2,25,2700,4,1990,창말길 54-14
505,사농동,현대,96.219,29.1062475,202502,2025,2,25,23000,2,2002,영서로 2920
506,온의동,춘천센트럴파크푸르지오,59.9277,18.12812925,202502,2025,2,25,44000,7,2021,스포츠타운길 501
507,석사동,그랜드,74.82,22.63305,202502,2025,2,25,19300,7,1998,우석로101번길 20
508,퇴계동,퇴계주공6차,59.92,18.1258,202502,2025,2,25,21400,14,2002,지석로 64
509,퇴계동,이편한세상춘천한숲시티,74.9085,22.65982125,202502,2025,2,25,49500,19,2019,안마산로 133
510,석사동,청구,59.965,18.1394125,202502,2025,2,25,15600,12,1997,서부대성로 332
511,우두동,춘천파크에뷰,84.83,25.661075,202502,2025,2,25,37200,7,2020,우두1길 129
512,우두동,춘천우두이지더원시그니처,67.7744,20.501756,202502,2025,2,25,39000,9,2021,우두1길 70
513,사농동,현대,59.86,18.10765,202502,2025,2,24,16500,13,2002,영서로 2920
514,퇴계동,중앙하이츠빌1단지,84.8905,25.67937625,202502,2025,2,24,29800,7,2006,영서로2141번길 33
515,석사동,석사동현진에버빌1차,84.999,25.7121975,202502,2025,2,24,34500,10,2004,지석로 97
516,사농동,현대,80.934,24.482535,202502,2025,2,24,19500,11,2002,영서로 2920
517,후평동,세경3차아파트,49.68,15.0282,202502,2025,2,24,8950,2,1991,삭주로 125
518,후평동,춘천더샵,127.2412,38.490463,202502,2025,2,24,41500,17,2008,후석로 325
519,석사동,퇴계주공4,59.99,18.146975,202502,2025,2,24,18500,15,1998,퇴계로 242
520,우두동,춘천파크에뷰,84.83,25.661075,202502,2025,2,24,35650,3,2020,우두1길 129
521,퇴계동,퇴계주공1차,49.71,15.037275,202502,2025,2,24,16800,12,2000,퇴계로 167
522,석사동,휴먼타운,84.89,25.679225,202502,2025,2,24,25200,11,2002,지석로 29
523,동내면,부영3차,59.8404,18.101721,202502,2025,2,24,22000,14,2003,춘천순환로94번길 12
524,퇴계동,이편한세상춘천한숲시티,59.8597,18.10755925,202502,2025,2,24,42000,13,2019,안마산로 133
525,소양로2가,e편한세상춘천,78.318,23.691195,202502,2025,2,24,35000,18,2014,서부대성로 33
526,후평동,석사2,51.66,15.62715,202502,2025,2,24,11100,5,1994,후석로228번길 24
527,석사동,현대,99.931,30.2291275,202502,2025,2,24,23500,1,1998,퇴계로 220-20
528,퇴계동,퇴계이안,84.9877,25.70877925,202502,2025,2,24,33000,16,2007,영서로 2169
529,석사동,진흥,59.15,17.892875,202502,2025,2,24,16500,11,1997,후석로186번길 9
530,석사동,두산,59.97,18.140925,202502,2025,2,24,17600,13,1997,후석로186번길 25
531,석사동,휴먼타운,84.89,25.679225,202502,2025,2,23,24500,15,2002,지석로 29
532,석사동,석사극동,135.28,40.9222,202502,2025,2,23,19000,1,1992,공지로 43
533,칠전동,춘천칠전사랑으로부영,59.9381,18.13127525,202502,2025,2,23,19000,4,2012,칠전서길 45
534,퇴계동,퇴계주공6차,59.92,18.1258,202502,2025,2,23,22350,12,2002,지석로 64
535,후평동,석사2,51.66,15.62715,202502,2025,2,23,11500,1,1994,후석로228번길 24
536,사농동,현대,59.84,18.1016,202502,2025,2,23,16400,8,2002,영서로 2920
537,효자동,동보,28.38,8.58495,202502,2025,2,22,5900,6,1999,공지로200번길 13
538,후평동,춘천일성트루엘더퍼스트,84.989,25.7091725,202502,2025,2,22,37800,3,2018,백령로 215
539,동내면,호반베르디움에코,59.7794,18.0832685,202502,2025,2,22,29700,9,2015,거두택지길 80
540,퇴계동,퇴계2주공,59.99,18.146975,202502,2025,2,22,19700,16,1999,퇴계로 168
541,퇴계동,그린타운삼익코오롱,132.3,40.02075,202502,2025,2,22,25000,1,1994,춘주로 174
542,퇴계동,이편한세상춘천한숲시티,84.8265,25.66001625,202502,2025,2,22,52000,4,2019,안마산로 133
543,퇴계동,일성2,84.92,25.6883,202502,2025,2,22,23900,4,1996,우묵길78번길 25
544,온의동,춘천센트럴타워푸르지오,84.9894,25.7092935,202502,2025,2,22,73800,10,2022,방송길 77
545,소양로2가,e편한세상춘천,104.796,31.70079,202502,2025,2,22,45000,17,2014,서부대성로 33
546,퇴계동,이편한세상춘천한숲시티,59.8597,18.10755925,202502,2025,2,22,41500,10,2019,안마산로 133
547,온의동,온의롯데캐슬스카이클래스,84.796,25.65079,202502,2025,2,22,53800,29,2015,방송길 70
548,효자동,동보,28.38,8.58495,202502,2025,2,22,6200,1,1999,공지로200번길 13
549,우두동,강변코아루,119.787,36.2355675,202502,2025,2,22,33300,6,2007,새청말길 26
550,퇴계동,퇴계우성,84.933,25.6922325,202502,2025,2,22,24000,16,1999,국사봉길 7
551,후평동,주공5,39.69,12.006225,202502,2025,2,22,10700,4,1989,후만로 15
552,퇴계동,뜨란채,84.94,25.69435,202502,2025,2,22,28900,8,2006,승지골길16번길 47
553,석사동,현진에버빌2차,91.36,27.6364,202502,2025,2,22,38500,6,2005,지석로 67
554,효자동,현진에버빌3차,104.151,31.5056775,202502,2025,2,22,43000,2,2014,춘천로 120
555,근화동,신성미소지움,84.97,25.703425,202502,2025,2,22,33700,13,2007,근화길15번길 26
556,석사동,휴먼타운,69.36,20.9814,202502,2025,2,22,18500,1,2002,지석로 29
557,동내면,부영3차,59.8404,18.101721,202502,2025,2,22,20950,14,2003,춘천순환로94번길 12
558,후평동,춘천일성트루엘더퍼스트,84.955,25.6988875,202502,2025,2,22,43500,7,2018,백령로 215
559,퇴계동,이편한세상춘천한숲시티,74.6822,22.5913655,202502,2025,2,22,46200,7,2019,안마산로 133
560,퇴계동,그린타운삼익코오롱,99.99,30.246975,202502,2025,2,21,18400,9,1994,춘주로 174
561,신북읍,소양강양우내안애,38.1055,11.52691375,202502,2025,2,21,7900,2,2012,신샘밭로 733
562,약사동,춘천롯데캐슬위너클래스,73.3606,22.1915815,202502,2025,2,21,53800,12,2024,방송길 41
563,온의동,온의롯데캐슬스카이클래스,84.796,25.65079,202502,2025,2,21,58600,36,2015,방송길 70
564,사농동,춘천뉴시티코아루,84.9808,25.706692,202502,2025,2,21,25400,1,2013,영서로 2922
565,동면,대동다:숲아파트,84.6937,25.61984425,202502,2025,2,21,28500,11,2008,후석로326번길 63
566,사농동,롯데캐슬2단지,84.99,25.709475,202502,2025,2,21,26500,15,2008,마장길 60
567,퇴계동,이편한세상춘천한숲시티,114.5036,34.637339,202502,2025,2,21,78500,18,2019,안마산로 133
568,석사동,퇴계주공4,59.99,18.146975,202502,2025,2,21,18450,13,1998,퇴계로 242
569,석사동,삼익2,73.34,22.18535,202502,2025,2,20,16900,11,1991,공지로 69-9
570,신북읍,춘천해강,59.96,18.1379,202502,2025,2,20,8500,12,1997,상천2길 52
571,효자동,낙원,82.44,24.9381,202502,2025,2,20,11500,4,1989,춘천로138번길 16
572,후평동,석사2,37.67,11.395175,202502,2025,2,20,8950,9,1995,후석로228번길 24
573,삼천동,춘천파크자이,84.9693,25.70321325,202502,2025,2,20,56000,29,2020,스포츠타운길 460
574,석사동,삼익2,84.36,25.5189,202502,2025,2,20,16500,4,1991,공지로 69-9
575,석사동,현진에버빌2차,84.96,25.7004,202502,2025,2,20,36500,8,2005,지석로 67
576,퇴계동,퇴계2주공,59.99,18.146975,202502,2025,2,19,16700,1,1999,퇴계로 168
577,우두동,롯데인벤스,73.8,22.3245,202502,2025,2,19,23000,5,2006,충열로 29
578,석사동,퇴계주공4,59.99,18.146975,202502,2025,2,19,15400,1,1998,퇴계로 242
579,후평동,봉의,41.514,12.557985,202502,2025,2,19,5500,2,1975,후석로441번길 40
580,석사동,석사부영,49.92,15.1008,202502,2025,2,19,12700,11,1998,우석로101번길 83
581,온의동,온의롯데캐슬스카이클래스,84.796,25.65079,202502,2025,2,19,50500,4,2015,방송길 70
582,동내면,부영3차,59.8404,18.101721,202502,2025,2,19,20500,12,2003,춘천순환로94번길 12
583,후평동,크로바아파트,33.885,10.2502125,202502,2025,2,19,4400,2,1982,춘천로281번길 15
584,소양로2가,e편한세상춘천,84.885,25.6777125,202502,2025,2,19,34000,2,2014,서부대성로 33
585,사농동,롯데캐슬1단지,84.97,25.703425,202502,2025,2,19,26300,7,2008,마장길 58
586,후평동,후평현대2차,71.636,21.66989,202502,2025,2,19,15500,4,1990,후석로326번길 13
587,온의동,온의롯데캐슬스카이클래스,125.709,38.0269725,202502,2025,2,19,80500,13,2015,방송길 70
588,퇴계동,휴먼시아남춘천1단지,101.87,30.815675,202502,2025,2,18,44000,10,2011,남춘천새길 11
589,퇴계동,한주,59.82,18.09555,202502,2025,2,18,15300,3,1993,안마산로 217
590,우두동,롯데인벤스,84.93,25.691325,202502,2025,2,18,29000,11,2006,충열로 29
591,동내면,부영2차,84.9763,25.70533075,202502,2025,2,18,24000,9,2003,춘천순환로94번길 12
592,후평동,세경4차,50.4,15.246,202502,2025,2,18,8300,3,1994,세실로 173
593,후평동,춘천더샵,53.4088,16.156162,202502,2025,2,18,25500,8,2008,후석로 325
594,석사동,휴먼타운,84.89,25.679225,202502,2025,2,18,29300,1,2002,지석로 29
595,사농동,롯데캐슬2단지,84.99,25.709475,202502,2025,2,18,30000,5,2008,마장길 60
596,퇴계동,퇴계2주공,49.62,15.01005,202502,2025,2,18,14535,15,1999,퇴계로 168
597,석사동,휴먼타운,84.89,25.679225,202502,2025,2,18,24500,12,2002,지석로 29
598,퇴계동,퇴계2주공,59.99,18.146975,202502,2025,2,18,18400,15,1999,퇴계로 168
599,석사동,두산,59.97,18.140925,202502,2025,2,18,17000,5,1997,후석로186번길 25
600,석사동,현진에버빌2차,91.36,27.6364,202502,2025,2,18,42700,13,2005,지석로 67
601,동면,두산위브,84.988,25.70887,202502,2025,2,18,30000,7,2008,삭주로 231
602,퇴계동,퇴계주공6차,59.83,18.098575,202502,2025,2,17,22800,12,2002,지석로 64
603,석사동,석사부영,59.76,18.0774,202502,2025,2,17,13500,14,1998,우석로101번길 83
604,온의동,온의금호1차,72.24,21.8526,202502,2025,2,17,20150,8,1990,스포츠타운길 535
605,후평동,춘천일성트루엘더퍼스트,59.958,18.137295,202502,2025,2,17,30600,16,2018,백령로 215
606,퇴계동,뜨란채,84.94,25.69435,202502,2025,2,17,28800,13,2006,승지골길16번길 47
607,후평동,춘천후평우미린뉴시티,77.752,23.51998,202502,2025,2,17,41200,13,2021,보안길 36
608,석사동,퇴계주공4,59.99,18.146975,202502,2025,2,17,18500,16,1998,퇴계로 242
609,석사동,퇴계주공4,59.99,18.146975,202502,2025,2,17,18000,11,1998,퇴계로 242
610,퇴계동,퇴계이안,84.9877,25.70877925,202502,2025,2,17,36300,3,2007,영서로 2169
611,우두동,춘천파크에뷰,84.83,25.661075,202502,2025,2,17,36000,6,2020,우두1길 129
612,퇴계동,퇴계현대1차,84.99,25.709475,202502,2025,2,16,19500,15,1994,춘주로 162
613,석사동,석사극동,84.96,25.7004,202502,2025,2,16,15000,9,1992,공지로 43
614,퇴계동,퇴계주공6차,59.83,18.098575,202502,2025,2,15,21500,15,2002,지석로 64
615,후평동,춘천일성트루엘더퍼스트,84.995,25.7109875,202502,2025,2,15,41500,17,2018,백령로 215
616,퇴계동,그린타운삼익코오롱,99.99,30.246975,202502,2025,2,15,21000,3,1994,춘주로 174
617,퇴계동,퇴계현대2차,59.76,18.0774,202502,2025,2,15,14800,9,1994,행촌로 14
618,석사동,현진에버빌2차,91.36,27.6364,202502,2025,2,15,39500,14,2005,지석로 67
619,퇴계동,금호2차,84.6,25.5915,202502,2025,2,15,19900,11,1993,안마산로 214
620,석사동,진흥,59.15,17.892875,202502,2025,2,15,16600,7,1997,후석로186번길 9
621,근화동,신성미소지움,59.92,18.1258,202502,2025,2,15,25800,10,2007,근화길15번길 26
622,퇴계동,퇴계2주공,49.62,15.01005,202502,2025,2,15,16050,5,1999,퇴계로 168
623,사농동,춘천뉴시티코아루,84.9808,25.706692,202502,2025,2,15,26500,6,2013,영서로 2922
624,퇴계동,이편한세상춘천한숲시티,84.8462,25.6659755,202502,2025,2,15,57000,29,2019,안마산로 133
625,석사동,퇴계주공4,59.99,18.146975,202502,2025,2,15,18700,14,1998,퇴계로 242
626,후평동,춘천일성트루엘더퍼스트,68.989,20.8691725,202502,2025,2,14,32500,10,2018,백령로 215
627,온의동,춘천센트럴파크푸르지오,74.8802,22.6512605,202502,2025,2,14,48700,11,2021,스포츠타운길 501
628,약사동,춘천롯데캐슬위너클래스,84.5453,25.57495325,202502,2025,2,14,60000,13,2024,방송길 41
629,동면,두산위브,84.968,25.70282,202502,2025,2,14,28500,5,2008,삭주로 231
630,사농동,롯데캐슬1단지,84.97,25.703425,202502,2025,2,14,25000,12,2008,마장길 58
631,퇴계동,이편한세상춘천한숲시티,84.8265,25.66001625,202502,2025,2,14,56000,3,2019,안마산로 133
632,칠전동,칠전2차대우,84.9583,25.69988575,202502,2025,2,14,20500,4,2002,칠전서길 15-2
633,약사동,춘천롯데캐슬위너클래스,84.5453,25.57495325,202502,2025,2,14,52800,9,2024,방송길 41
634,후평동,세경3차아파트,49.68,15.0282,202502,2025,2,14,8700,9,1991,삭주로 125
635,퇴계동,중앙하이츠빌1단지,84.8905,25.67937625,202502,2025,2,13,29100,8,2006,영서로2141번길 33
636,효자동,공무원,70,21.175,202502,2025,2,13,10000,3,1971,공지로 361
637,퇴계동,그린타운삼익코오롱,99.99,30.246975,202502,2025,2,13,22200,8,1994,춘주로 174
638,동면,두산위브,84.988,25.70887,202502,2025,2,13,26500,7,2008,삭주로 231
639,온의동,춘천센트럴타워푸르지오,99.8636,30.208739,202502,2025,2,13,81000,11,2022,방송길 77
640,효자동,동보,37.2,11.253,202502,2025,2,13,7900,6,1999,공지로200번길 13
641,석사동,휴먼타운,84.89,25.679225,202502,2025,2,12,24300,8,2002,지석로 29
642,후평동,춘천더샵,53.4088,16.156162,202502,2025,2,12,24750,14,2008,후석로 325
643,석사동,퇴계주공4,59.99,18.146975,202502,2025,2,12,19000,13,1998,퇴계로 242
644,석사동,휴먼타운,84.89,25.679225,202502,2025,2,12,24500,11,2002,지석로 29
645,퇴계동,유승한내들,84.9561,25.69922025,202502,2025,2,12,33000,10,2006,퇴계로 108
646,효자동,동보,28.38,8.58495,202502,2025,2,12,5450,7,1999,공지로200번길 13
647,퇴계동,쌍용스윗닷홈,84.879,25.6758975,202502,2025,2,12,36000,23,2005,춘주로 176-22
648,후평동,석사2,58.14,17.58735,202502,2025,2,11,12600,5,1995,후석로228번길 24
649,동면,한일유앤아이,84.9925,25.71023125,202502,2025,2,11,24700,11,2006,만천로 107
650,칠전동,대우,60,18.15,202502,2025,2,11,15200,5,1999,옛경춘로 492
651,우두동,롯데인벤스,84.93,25.691325,202502,2025,2,11,26500,5,2006,충열로 29
652,온의동,춘천센트럴파크푸르지오,74.8802,22.6512605,202502,2025,2,11,48350,21,2021,스포츠타운길 501
653,퇴계동,한주,134.43,40.665075,202502,2025,2,11,20000,7,1993,안마산로 217
654,퇴계동,중앙하이츠빌1단지,84.8905,25.67937625,202502,2025,2,11,30200,9,2006,영서로2141번길 33
655,동내면,부영2차,84.9763,25.70533075,202502,2025,2,11,26500,6,2003,춘천순환로94번길 12
656,퇴계동,퇴계2주공,59.99,18.146975,202502,2025,2,11,17000,4,1999,퇴계로 168
657,석사동,삼익2,73.34,22.18535,202502,2025,2,10,15500,15,1991,공지로 69-9
658,석사동,세경5차,48.93,14.801325,202502,2025,2,10,12000,3,1999,남춘천새길 42
659,효자동,현진에버빌3차,84.914,25.686485,202502,2025,2,10,33000,2,2014,춘천로 120
660,신북읍,춘천해강,59.96,18.1379,202502,2025,2,10,9200,9,1997,상천2길 52
661,퇴계동,금호2차,59.82,18.09555,202502,2025,2,10,16750,10,1993,안마산로 214
662,석사동,현대,99.921,30.2261025,202502,2025,2,10,28000,12,1998,퇴계로 220-20
663,퇴계동,퇴계이안,84.9877,25.70877925,202502,2025,2,10,35300,17,2007,영서로 2169
664,동면,춘천장학아이파크,84.9428,25.695197,202502,2025,2,10,34800,12,2012,만천로 242
665,석사동,휴먼타운,84.89,25.679225,202502,2025,2,10,27000,5,2002,지석로 29
666,퇴계동,퇴계2주공,49.79,15.061475,202502,2025,2,10,16000,15,1999,퇴계로 168
667,후평동,춘천후평우미린뉴시티,77.752,23.51998,202502,2025,2,10,39300,5,2021,보안길 36
668,석사동,청구,59.965,18.1394125,202502,2025,2,10,17000,12,1997,서부대성로 332
669,후평동,에리트,63.396,19.17729,202502,2025,2,10,13200,3,1981,삭주로 89-7
670,후평동,주공5,39.69,12.006225,202502,2025,2,10,10500,2,1989,후만로 15
671,동내면,현대성우오스타,84.99,25.709475,202502,2025,2,10,36200,15,2009,춘천순환로 93
672,소양로2가,e편한세상춘천,84.885,25.6777125,202502,2025,2,9,38000,5,2014,서부대성로 33
673,후평동,춘천후평우미린뉴시티,77.752,23.51998,202502,2025,2,9,40000,18,2021,보안길 36
674,동면,한일유앤아이,84.9925,25.71023125,202502,2025,2,9,26100,13,2006,만천로 107
675,석사동,퇴계주공4,59.99,18.146975,202502,2025,2,9,18300,12,1998,퇴계로 242
676,동면,춘천KCC스위첸,119.72,36.2153,202502,2025,2,9,34000,12,2009,만천로 69
677,우두동,강변코아루,83.862,25.368255,202502,2025,2,8,24000,5,2007,새청말길 26
678,동면,춘천장학아이파크,84.9428,25.695197,202502,2025,2,8,42000,15,2012,만천로 242
679,온의동,한주,71.475,21.6211875,202502,2025,2,8,16500,2,1995,스포츠타운길 528-12
680,사농동,춘천뉴시티코아루,84.9808,25.706692,202502,2025,2,8,27500,12,2013,영서로 2922
681,후평동,세경3차아파트,49.68,15.0282,202502,2025,2,8,7700,13,1991,삭주로 125
682,후평동,춘천후평우미린뉴시티,77.752,23.51998,202502,2025,2,8,40700,15,2021,보안길 36
683,석사동,현대,182.848,55.31152,202502,2025,2,8,33500,14,1998,퇴계로 220-20
684,약사동,춘천롯데캐슬위너클래스,84.5453,25.57495325,202502,2025,2,8,58700,27,2024,방송길 41
685,온의동,춘천센트럴타워푸르지오,84.9894,25.7092935,202502,2025,2,8,75000,32,2022,방송길 77
686,후평동,대우아파트,76.37,23.101925,202502,2025,2,8,12700,5,1991,후만로126번길 31
687,동면,춘천장학아이파크,119.9166,36.2747715,202502,2025,2,8,44500,11,2012,만천로 242
688,퇴계동,이편한세상춘천한숲시티,84.8462,25.6659755,202502,2025,2,8,57300,19,2019,안마산로 133
689,후평동,춘천후평우미린뉴시티,84.995,25.7109875,202502,2025,2,8,47000,14,2021,보안길 36
690,근화동,신성미소지움,84.97,25.703425,202502,2025,2,8,32800,1,2007,근화길15번길 26
691,퇴계동,금호2차,116.94,35.37435,202502,2025,2,8,22700,8,1993,안마산로 214
692,퇴계동,퇴계현대2차,59.76,18.0774,202502,2025,2,8,13400,5,1994,행촌로 14
693,칠전동,칠전2차대우,84.9583,25.69988575,202502,2025,2,8,21800,4,2002,칠전서길 15-2
694,퇴계동,퇴계주공6차,59.92,18.1258,202502,2025,2,8,22650,9,2002,지석로 64
695,동내면,초록지붕,84.4255,25.53871375,202502,2025,2,8,25700,6,2006,거두택지길 7
696,동면,한일유앤아이,84.9925,25.71023125,202502,2025,2,7,26000,9,2006,만천로 107
697,퇴계동,퇴계현대2차,59.76,18.0774,202502,2025,2,7,16900,11,1994,행촌로 14
698,퇴계동,퇴계현대1차,84.99,25.709475,202502,2025,2,7,19700,14,1994,춘주로 162
699,후평동,춘천후평우미린뉴시티,59.888,18.11612,202502,2025,2,7,34200,28,2021,보안길 36
700,퇴계동,일성2,59.803,18.0904075,202502,2025,2,7,17200,11,1996,우묵길78번길 25
701,퇴계동,그린타운삼익코오롱,132.3,40.02075,202502,2025,2,6,28700,9,1994,춘주로 174
702,석사동,그랜드,74.82,22.63305,202502,2025,2,6,21000,15,1998,우석로101번길 20
703,퇴계동,한주,84.6,25.5915,202502,2025,2,6,18000,11,1993,안마산로 217
704,퇴계동,뜨란채,84.94,25.69435,202502,2025,2,6,29500,10,2006,승지골길16번길 47
705,후평동,춘천후평우미린뉴시티,68.618,20.756945,202502,2025,2,6,37200,18,2021,보안길 36
706,퇴계동,퇴계현대1차,84.99,25.709475,202502,2025,2,6,19000,3,1994,춘주로 162
707,효자동,동보,28.38,8.58495,202502,2025,2,6,5650,12,1999,공지로200번길 13
708,석사동,두산,59.97,18.140925,202502,2025,2,6,16300,3,1997,후석로186번길 25
709,동면,한일유앤아이,84.9925,25.71023125,202502,2025,2,6,26300,11,2006,만천로 107
710,퇴계동,퇴계주공1차,49.71,15.037275,202502,2025,2,6,14500,1,2000,퇴계로 167
711,후평동,춘천더샵,84.9904,25.709596,202502,2025,2,6,33400,7,2008,후석로 325
712,동면,한일유앤아이,96.6879,29.24808975,202502,2025,2,6,26200,1,2006,만천로 107
713,소양로2가,e편한세상춘천,84.966,25.702215,202502,2025,2,5,36800,8,2014,서부대성로 33
714,근화동,신성미소지움,59.92,18.1258,202502,2025,2,5,25700,15,2007,근화길15번길 26
715,효자동,동보,37.2,11.253,202502,2025,2,5,7650,7,1999,공지로200번길 13
716,후평동,세경3차아파트,49.68,15.0282,202502,2025,2,5,9500,11,1991,삭주로 125
717,석사동,그랜드,74.82,22.63305,202502,2025,2,5,20450,11,1998,우석로101번길 20
718,동면,춘천KCC스위첸,84.972,25.70403,202502,2025,2,5,26500,13,2009,만천로 69
719,퇴계동,퇴계이안,59.9918,18.1475195,202502,2025,2,5,25500,4,2007,영서로 2169
720,석사동,석사부영,59.76,18.0774,202502,2025,2,5,12250,14,1998,우석로101번길 83
721,동내면,부영2차,84.9763,25.70533075,202502,2025,2,4,25900,10,2003,춘천순환로94번길 12
722,후평동,춘천후평우미린뉴시티,59.888,18.11612,202502,2025,2,4,34850,22,2021,보안길 36
723,소양로2가,e편한세상춘천,78.318,23.691195,202502,2025,2,4,35200,11,2014,서부대성로 33
724,석사동,삼익1,84.73,25.630825,202502,2025,2,4,17000,11,1990,춘천순환로 42
725,근화동,청와,39.7,12.00925,202502,2025,2,4,7500,1,1991,중앙로190번길 79
726,삼천동,춘천파크자이,84.9693,25.70321325,202502,2025,2,4,55200,6,2020,스포츠타운길 460
727,사농동,춘천뉴시티코아루,84.9808,25.706692,202502,2025,2,4,28000,7,2013,영서로 2922
728,석사동,휴먼타운,84.89,25.679225,202502,2025,2,4,24000,3,2002,지석로 29
729,퇴계동,그린타운삼익코오롱,99.99,30.246975,202502,2025,2,4,18000,12,1994,춘주로 174
730,후평동,현대4,59.97,18.140925,202502,2025,2,4,16000,10,1995,후석로326번길 44
731,퇴계동,퇴계2주공,59.99,18.146975,202502,2025,2,3,18100,17,1999,퇴계로 168
732,우두동,롯데인벤스,122.13,36.944325,202502,2025,2,3,31300,3,2006,충열로 29
733,우두동,롯데인벤스,122.13,36.944325,202502,2025,2,3,31300,3,2006,충열로 29
734,후평동,주공4,49.22,14.88905,202502,2025,2,3,12000,5,1985,후만로98번길 9
735,요선동,춘천요선동한신'휴'플러스아파트,84.6386,25.6031765,202502,2025,2,3,26500,6,2007,서부대성로 34
736,효자동,신아,32.16,9.7284,202502,2025,2,3,7000,8,1997,백령로75번길 7
737,퇴계동,퇴계주공6차,59.92,18.1258,202502,2025,2,3,17900,1,2002,지석로 64
738,퇴계동,퇴계주공1차,49.71,15.037275,202502,2025,2,2,16800,6,2000,퇴계로 167
739,동내면,학곡지구모아엘가그랑데,84.966,25.702215,202502,2025,2,2,43030,6,2024,학곡지구길 52
740,우두동,강변코아루,146.026,44.172865,202502,2025,2,2,47000,14,2007,새청말길 26
741,퇴계동,휴먼시아남춘천1단지,134.89,40.804225,202502,2025,2,2,51500,2,2011,남춘천새길 11
742,퇴계동,이편한세상춘천한숲시티,84.8265,25.66001625,202502,2025,2,2,53500,4,2019,안마산로 133
743,후평동,춘천후평우미린뉴시티,84.974,25.704635,202502,2025,2,2,45900,2,2021,보안길 36
744,후평동,춘천후평우미린뉴시티,77.752,23.51998,202502,2025,2,2,41500,5,2021,보안길 36
745,퇴계동,휴먼시아남춘천2단지,84.97,25.703425,202502,2025,2,2,31900,3,2010,퇴계로 128
746,퇴계동,중앙하이츠빌1단지,84.8905,25.67937625,202502,2025,2,1,33500,13,2006,영서로2141번길 33
747,동면,춘천KCC스위첸,84.972,25.70403,202502,2025,2,1,27000,8,2009,만천로 69
748,후평동,세경3차아파트,49.68,15.0282,202502,2025,2,1,8800,7,1991,삭주로 125
749,약사동,모아엘가센텀뷰아파트,84.9557,25.69909925,202502,2025,2,1,49350,27,2022,공지로 400
750,후평동,극동,84.946,25.696165,202502,2025,2,1,16500,14,1997,후석로 459
751,약사동,춘천롯데캐슬위너클래스,59.9319,18.12939975,202502,2025,2,1,38300,3,2024,방송길 41
752,소양로2가,소양로현대,59.96,18.1379,202502,2025,2,1,13500,1,1998,모수물길 60
753,퇴계동,이편한세상춘천한숲시티,84.8462,25.6659755,202502,2025,2,1,59000,22,2019,안마산로 133
754,퇴계동,이편한세상춘천한숲시티,84.8265,25.66001625,202502,2025,2,1,56000,35,2019,안마산로 133
755,효자동,동보,28.38,8.58495,202502,2025,2,1,5400,3,1999,공지로200번길 13
756,후평동,초록지붕6차,84.919,25.6879975,202502,2025,2,1,17300,3,2004,세실로 261
757,후평동,주공4,59.3,17.93825,202502,2025,2,1,15000,5,1985,후만로98번길 9
758,신북읍,춘천해강,59.96,18.1379,202501,2025,1,31,11200,5,1997,상천2길 52
759,퇴계동,퇴계주공1차,49.71,15.037275,202501,2025,1,31,15850,4,2000,퇴계로 167
760,후평동,석사2,51.66,15.62715,202501,2025,1,31,11000,15,1994,후석로228번길 24
761,후평동,춘천후평우미린뉴시티,77.752,23.51998,202501,2025,1,31,41000,31,2021,보안길 36
762,석사동,그랜드,84.95,25.697375,202501,2025,1,31,23500,11,1998,우석로101번길 20
763,후평동,후평현대5차,59.89,18.116725,202501,2025,1,31,12200,13,1996,후만로24번길 13
764,우두동,롯데인벤스,84.93,25.691325,202501,2025,1,31,29900,12,2006,충열로 29
765,석사동,석사부영,59.76,18.0774,202501,2025,1,31,12800,1,1998,우석로101번길 83
766,퇴계동,중앙하이츠빌3단지,84.9859,25.70823475,202501,2025,1,27,34200,8,2008,지석로 10
767,후평동,한신,73.02,22.08855,202501,2025,1,26,15200,10,1991,부평길 7
768,사농동,롯데캐슬1단지,84.99,25.709475,202501,2025,1,26,25200,11,2008,마장길 58
769,후평동,춘천후평우미린뉴시티,68.618,20.756945,202501,2025,1,26,37500,22,2021,보안길 36
770,석사동,두산,59.97,18.140925,202501,2025,1,26,14600,1,1997,후석로186번길 25
771,우두동,춘천파크에뷰,74.62,22.57255,202501,2025,1,26,35000,25,2020,우두1길 129
772,약사동,춘천롯데캐슬위너클래스,73.3606,22.1915815,202501,2025,1,25,53800,22,2024,방송길 41
773,석사동,진흥,59.15,17.892875,202501,2025,1,25,17000,13,1997,후석로186번길 9
774,소양로2가,e편한세상춘천,84.966,25.702215,202501,2025,1,25,32500,1,2014,서부대성로 33
775,동내면,학곡지구모아엘가그랑데,84.925,25.6898125,202501,2025,1,25,45880,3,2024,학곡지구길 52
776,후평동,청실,62.64,18.9486,202501,2025,1,25,11100,3,1991,세실로 187
777,퇴계동,이편한세상춘천한숲시티,59.8597,18.10755925,202501,2025,1,25,42000,19,2019,안마산로 133
778,후평동,현대4,84.955,25.6988875,202501,2025,1,25,14600,6,1995,후석로326번길 44
779,우두동,강변코아루,84.87,25.673175,202501,2025,1,25,25000,2,2007,새청말길 26
780,후평동,춘천더샵,59.9286,18.1284015,202501,2025,1,25,27500,23,2008,후석로 325
781,퇴계동,중앙하이츠빌1단지,84.8905,25.67937625,202501,2025,1,25,32000,14,2006,영서로2141번길 33
782,석사동,두산,59.97,18.140925,202501,2025,1,25,14800,1,1997,후석로186번길 25
783,온의동,춘천센트럴파크푸르지오,84.8968,25.681282,202501,2025,1,25,54000,1,2021,스포츠타운길 501
784,효자동,동보,28.38,8.58495,202501,2025,1,25,6220,8,1999,공지로200번길 13
785,우두동,춘천파크에뷰,84.83,25.661075,202501,2025,1,25,35500,5,2020,우두1길 129
786,동내면,초록지붕,84.4255,25.53871375,202501,2025,1,24,26000,17,2006,거두택지길 7
787,후평동,세경4차,50.4,15.246,202501,2025,1,24,8000,5,1994,세실로 173
788,석사동,석사동현진에버빌1차,84.921,25.6886025,202501,2025,1,24,34900,5,2004,지석로 97
789,후평동,춘천후평우미린뉴시티,84.995,25.7109875,202501,2025,1,24,47800,28,2021,보안길 36
790,근화동,청와,76.77,23.222925,202501,2025,1,24,16500,4,1991,중앙로190번길 79
791,효자동,현진에버빌3차,84.954,25.698585,202501,2025,1,24,36500,17,2014,춘천로 120
792,석사동,퇴계주공4,49.29,14.910225,202501,2025,1,24,15450,9,1998,퇴계로 242
793,온의동,온의롯데캐슬스카이클래스,99.629,30.1377725,202501,2025,1,24,63500,27,2015,방송길 70
794,퇴계동,휴먼시아남춘천1단지,121.95,36.889875,202501,2025,1,23,47500,9,2011,남춘천새길 11
795,퇴계동,퇴계2주공,49.62,15.01005,202501,2025,1,23,17200,10,1999,퇴계로 168
796,석사동,휴먼타운,84.89,25.679225,202501,2025,1,23,26000,9,2002,지석로 29
797,온의동,춘천센트럴파크푸르지오,84.9855,25.70811375,202501,2025,1,23,54550,3,2021,스포츠타운길 501
798,온의동,춘천센트럴파크푸르지오,84.8878,25.6785595,202501,2025,1,23,50650,8,2021,스포츠타운길 501
799,석사동,그랜드,74.82,22.63305,202501,2025,1,23,20500,7,1998,우석로101번길 20
800,후평동,춘천일성트루엘더퍼스트,68.946,20.856165,202501,2025,1,22,34500,9,2018,백령로 215
801,요선동,춘천요선동한신'휴'플러스아파트,129.2653,39.10275325,202501,2025,1,22,34500,3,2007,서부대성로 34
802,후평동,현대3,84.98,25.70645,202501,2025,1,22,17600,15,1990,후석로326번길 31
803,칠전동,칠전2차대우,84.9508,25.697617,202501,2025,1,22,20600,13,2002,칠전서길 15-2
804,퇴계동,퇴계현대1차,59.94,18.13185,202501,2025,1,22,16500,5,1994,춘주로 162
805,석사동,휴먼타운,84.89,25.679225,202501,2025,1,22,27200,11,2002,지석로 29
806,효자동,효자코아루웰라움,84.9592,25.700158,202501,2025,1,22,32500,20,2019,공지로218번길 26
807,후평동,춘천일성트루엘더퍼스트,68.989,20.8691725,202501,2025,1,22,35000,12,2018,백령로 215
808,퇴계동,퇴계현대2차,59.76,18.0774,202501,2025,1,22,16400,13,1994,행촌로 14
809,온의동,한주,84.765,25.6414125,202501,2025,1,22,18700,6,1995,스포츠타운길 528-12
810,석사동,석사부영,49.92,15.1008,202501,2025,1,22,13600,10,1998,우석로101번길 83
811,후평동,주공5,39.3,11.88825,202501,2025,1,22,11000,5,1989,후만로 15
812,후평동,춘천더샵,84.9904,25.709596,202501,2025,1,22,31000,16,2008,후석로 325
813,퇴계동,퇴계현대2차,59.76,18.0774,202501,2025,1,21,16500,13,1994,행촌로 14
814,근화동,신성미소지움,59.92,18.1258,202501,2025,1,21,25600,12,2007,근화길15번길 26
815,효자동,동보,28.38,8.58495,202501,2025,1,21,5800,11,1999,공지로200번길 13
816,퇴계동,쌍용스윗닷홈,123.578,37.382345,202501,2025,1,21,42000,20,2005,춘주로 176-22
817,퇴계동,일성2,59.803,18.0904075,202501,2025,1,21,18400,8,1996,우묵길78번길 25
818,후평동,석사2,58.14,17.58735,202501,2025,1,21,11000,3,1995,후석로228번길 24
819,후평동,춘천일성트루엘더퍼스트,68.989,20.8691725,202501,2025,1,21,34000,14,2018,백령로 215
820,후평동,극동,84.946,25.696165,202501,2025,1,21,18600,7,1997,후석로 459
821,퇴계동,이편한세상춘천한숲시티,84.8265,25.66001625,202501,2025,1,21,54000,32,2019,안마산로 133
822,석사동,그랜드,84.95,25.697375,202501,2025,1,21,21400,7,1998,우석로101번길 20
823,삼천동,춘천파크자이,84.9693,25.70321325,202501,2025,1,20,53500,20,2020,스포츠타운길 460
824,우두동,춘천파크에뷰,84.71,25.624775,202501,2025,1,20,33500,10,2020,우두1길 129
825,퇴계동,"한진,한성",84.83,25.661075,202501,2025,1,20,22200,4,1995,행촌로 11
826,우두동,춘천파크에뷰,84.71,25.624775,202501,2025,1,20,35900,7,2020,우두1길 129
827,후평동,춘천더샵,84.9716,25.703909,202501,2025,1,20,26500,1,2008,후석로 325
828,퇴계동,퇴계2주공,59.99,18.146975,202501,2025,1,20,18750,12,1999,퇴계로 168
829,후평동,춘천더샵,84.9904,25.709596,202501,2025,1,20,33000,24,2008,후석로 325
830,퇴계동,퇴계2주공,59.99,18.146975,202501,2025,1,20,17800,7,1999,퇴계로 168
831,우두동,동부,59.964,18.13911,202501,2025,1,20,16500,13,1994,충열로 32
832,퇴계동,퇴계이안,84.9877,25.70877925,202501,2025,1,19,32500,14,2007,영서로 2169
833,온의동,온의롯데캐슬스카이클래스,84.796,25.65079,202501,2025,1,19,52500,19,2015,방송길 70
834,석사동,휴먼타운,69.36,20.9814,202501,2025,1,18,18500,1,2002,지석로 29
835,근화동,신성미소지움,59.92,18.1258,202501,2025,1,18,25100,7,2007,근화길15번길 26
836,퇴계동,이편한세상춘천한숲시티,74.9085,22.65982125,202501,2025,1,18,46700,16,2019,안마산로 133
837,퇴계동,"한진,한성",59.84,18.1016,202501,2025,1,18,16300,11,1995,행촌로 11
838,후평동,춘천더샵,84.9129,25.68615225,202501,2025,1,18,33200,19,2008,후석로 325
839,석사동,휴먼타운,84.89,25.679225,202501,2025,1,18,25000,11,2002,지석로 29
840,약사동,춘천롯데캐슬위너클래스,59.9319,18.12939975,202501,2025,1,18,42500,14,2024,방송길 41
841,퇴계동,퇴계현대1차,59.94,18.13185,202501,2025,1,18,16400,7,1994,춘주로 162
842,퇴계동,이편한세상춘천한숲시티,74.9085,22.65982125,202501,2025,1,18,46800,2,2019,안마산로 133
843,퇴계동,그린타운삼익코오롱,99.99,30.246975,202501,2025,1,18,21200,3,1994,춘주로 174
844,삼천동,춘천파크자이,74.8034,22.6280285,202501,2025,1,18,45000,3,2020,스포츠타운길 460
845,삼천동,춘천파크자이,74.8034,22.6280285,202501,2025,1,18,46200,24,2020,스포츠타운길 460
846,동면,두산위브,84.988,25.70887,202501,2025,1,17,28000,2,2008,삭주로 231
847,우두동,동부,59.964,18.13911,202501,2025,1,17,18200,11,1994,충열로 32
848,우두동,춘천파크에뷰,84.71,25.624775,202501,2025,1,17,36400,17,2020,우두1길 129
849,퇴계동,금호2차,59.82,18.09555,202501,2025,1,17,15800,2,1993,안마산로 214
850,석사동,휴먼타운,84.89,25.679225,202501,2025,1,17,25500,11,2002,지석로 29
851,사농동,롯데캐슬2단지,84.97,25.703425,202501,2025,1,16,26300,12,2008,마장길 60
852,동내면,부영1차,84.9763,25.70533075,202501,2025,1,16,24500,5,2003,춘천순환로94번길 12
853,후평동,세경4차,50.4,15.246,202501,2025,1,16,8800,3,1994,세실로 173
854,칠전동,칠전2차대우,84.9508,25.697617,202501,2025,1,16,19800,15,2002,칠전서길 15-2
855,효자동,현진에버빌3차,84.954,25.698585,202501,2025,1,16,34400,6,2014,춘천로 120
856,우두동,춘천파크에뷰,84.83,25.661075,202501,2025,1,16,38300,22,2020,우두1길 129
857,후평동,동아,102,30.855,202501,2025,1,16,17400,2,1995,서부대성로 327
858,퇴계동,뜨란채,84.94,25.69435,202501,2025,1,16,27200,8,2006,승지골길16번길 47
859,퇴계동,퇴계현대2차,43.2,13.068,202501,2025,1,16,11300,4,1994,행촌로 14
860,후평동,후평주공6단지,51.02,15.43355,202501,2025,1,16,12700,1,1989,후만로 37
861,퇴계동,퇴계이안,84.9877,25.70877925,202501,2025,1,16,32400,9,2007,영서로 2169
862,후평동,동산,69.93,21.153825,202501,2025,1,16,11700,2,1990,후석로441번길 7
863,후평동,춘천더샵,84.9716,25.703909,202501,2025,1,16,32500,2,2008,후석로 325
864,동내면,부영2차,84.9763,25.70533075,202501,2025,1,15,23000,1,2003,춘천순환로94번길 12
865,온의동,온의롯데캐슬스카이클래스,99.629,30.1377725,202501,2025,1,15,59800,34,2015,방송길 70
866,석사동,현대,99.931,30.2291275,202501,2025,1,15,26800,10,1998,퇴계로 220-20
867,온의동,춘천센트럴파크푸르지오,84.8968,25.681282,202501,2025,1,15,54500,2,2021,스포츠타운길 501
868,퇴계동,그린타운삼익코오롱,99.99,30.246975,202501,2025,1,15,23300,11,1994,춘주로 174
869,우두동,동부,59.964,18.13911,202501,2025,1,15,13300,1,1994,충열로 32
870,후평동,석사2,58.14,17.58735,202501,2025,1,15,11500,14,1995,후석로228번길 24
871,온의동,한주,59.91,18.122775,202501,2025,1,15,13900,7,1995,스포츠타운길 528-12
872,온의동,온의금호1차,84.57,25.582425,202501,2025,1,15,27500,11,1990,스포츠타운길 535
873,후평동,춘천후평우미린뉴시티,84.994,25.710685,202501,2025,1,14,48000,18,2021,보안길 36
874,우두동,춘천우두이지더원시그니처,84.9667,25.70242675,202501,2025,1,14,41700,5,2021,우두1길 70
875,동면,장학엘에이치해온채,84.85,25.667125,202501,2025,1,14,32500,10,2014,소양강로 102
876,후평동,주공4,59.3,17.93825,202501,2025,1,14,14900,2,1985,후만로98번길 9
877,후평동,춘천후평우미린뉴시티,84.995,25.7109875,202501,2025,1,14,49000,15,2021,보안길 36
878,신북읍,춘천해강,59.96,18.1379,202501,2025,1,14,9400,3,1997,상천2길 52
879,석사동,휴먼타운,84.89,25.679225,202501,2025,1,14,25850,6,2002,지석로 29
880,석사동,퇴계주공4,59.99,18.146975,202501,2025,1,14,17600,16,1998,퇴계로 242
881,퇴계동,금호2차,84.6,25.5915,202501,2025,1,14,18200,13,1993,안마산로 214
882,퇴계동,뜨란채,84.94,25.69435,202501,2025,1,14,25800,1,2006,승지골길16번길 47
883,후평동,춘천후평우미린뉴시티,84.994,25.710685,202501,2025,1,14,48600,20,2021,보안길 36
884,소양로2가,e편한세상춘천,84.966,25.702215,202501,2025,1,14,38200,16,2014,서부대성로 33
885,퇴계동,이편한세상춘천한숲시티,100.7683,30.48241075,202501,2025,1,14,68000,18,2019,안마산로 133
886,동면,춘천장학아이파크,119.9166,36.2747715,202501,2025,1,13,41500,12,2012,만천로 242
887,후평동,초록지붕8차,84.984,25.70766,202501,2025,1,13,23600,3,2010,세실로 260
888,석사동,석사동현진에버빌1차,84.921,25.6886025,202501,2025,1,13,31500,6,2004,지석로 97
889,후평동,주공4,49.22,14.88905,202501,2025,1,13,13400,2,1986,후만로98번길 9
890,후평동,한신,84.97,25.703425,202501,2025,1,13,15600,7,1991,부평길 7
891,칠전동,대우,59.89,18.116725,202501,2025,1,13,14500,8,1999,옛경춘로 492
892,후평동,석사2,37.67,11.395175,202501,2025,1,13,9100,12,1995,후석로228번길 24
893,우두동,강변코아루,84.87,25.673175,202501,2025,1,13,26900,9,2007,새청말길 26
894,후평동,주공5,39.3,11.88825,202501,2025,1,13,10300,5,1989,후만로 15
895,퇴계동,금호2차,116.94,35.37435,202501,2025,1,13,22500,9,1993,안마산로 214
896,석사동,청구,59.4,17.9685,202501,2025,1,12,16600,8,1997,서부대성로 332
897,퇴계동,휴먼시아남춘천2단지,84.95,25.697375,202501,2025,1,12,29500,1,2010,퇴계로 128
898,퇴계동,한주,59.82,18.09555,202501,2025,1,12,13500,12,1993,안마산로 217
899,후평동,초록지붕6차,84.919,25.6879975,202501,2025,1,11,16200,12,2004,세실로 261
900,근화동,신성미소지움,59.92,18.1258,202501,2025,1,11,25800,10,2007,근화길15번길 26
901,퇴계동,뜨란채,84.94,25.69435,202501,2025,1,11,27000,12,2006,승지골길16번길 47
902,퇴계동,이편한세상춘천한숲시티,74.6822,22.5913655,202501,2025,1,11,46700,6,2019,안마산로 133
903,효자동,현진에버빌3차,84.914,25.686485,202501,2025,1,11,38000,2,2014,춘천로 120
904,석사동,석사동현진에버빌1차,149.894,45.342935,202501,2025,1,11,41000,11,2004,지석로 97
905,동내면,현대성우오스타,84.99,25.709475,202501,2025,1,11,35200,5,2009,춘천순환로 93
906,석사동,그랜드,84.95,25.697375,202501,2025,1,11,23300,14,1998,우석로101번길 20
907,우두동,춘천파크에뷰,84.83,25.661075,202501,2025,1,11,35300,11,2020,우두1길 129
908,석사동,현대,99.931,30.2291275,202501,2025,1,11,29500,10,1998,퇴계로 220-20
909,온의동,온의롯데캐슬스카이클래스,99.629,30.1377725,202501,2025,1,11,63000,21,2015,방송길 70
910,온의동,춘천센트럴파크푸르지오,84.8968,25.681282,202501,2025,1,11,56500,5,2021,스포츠타운길 501
911,퇴계동,중앙하이츠빌1단지,84.8905,25.67937625,202501,2025,1,11,29300,6,2006,영서로2141번길 33
912,퇴계동,이편한세상춘천한숲시티,84.8462,25.6659755,202501,2025,1,11,58500,30,2019,안마산로 133
913,삼천동,춘천파크자이,84.9693,25.70321325,202501,2025,1,11,55500,11,2020,스포츠타운길 460
914,칠전동,칠전2차대우,84.9583,25.69988575,202501,2025,1,11,25000,3,2002,칠전서길 15-2
915,삼천동,춘천파크자이,74.9221,22.66393525,202501,2025,1,11,44500,3,2020,스포츠타운길 460
916,후평동,춘천더샵,59.9429,18.13272725,202501,2025,1,11,26750,20,2008,후석로 325
917,퇴계동,퇴계주공6차,59.92,18.1258,202501,2025,1,11,20250,8,2002,지석로 64
918,효자동,동보,37.2,11.253,202501,2025,1,10,7400,6,1999,공지로200번길 13
919,퇴계동,그린타운삼익코오롱,99.99,30.246975,202501,2025,1,10,20500,8,1994,춘주로 174
920,사농동,롯데캐슬1단지,84.97,25.703425,202501,2025,1,10,25000,10,2008,마장길 58
921,소양로2가,소양로현대,59.96,18.1379,202501,2025,1,10,16300,10,1998,모수물길 60
922,후평동,현대4,59.97,18.140925,202501,2025,1,10,13700,1,1995,후석로326번길 44
923,후평동,주공5,39.69,12.006225,202501,2025,1,9,13400,1,1989,후만로 15
924,효자동,동보,37.2,11.253,202501,2025,1,9,6900,7,1999,공지로200번길 13
925,동내면,부영2차,84.9763,25.70533075,202501,2025,1,9,28500,11,2003,춘천순환로94번길 12
926,퇴계동,휴먼시아남춘천2단지,84.97,25.703425,202501,2025,1,9,32500,3,2010,퇴계로 128
927,퇴계동,퇴계주공6차,59.92,18.1258,202501,2025,1,9,21400,4,2002,지석로 64
928,온의동,춘천센트럴파크푸르지오,84.9855,25.70811375,202501,2025,1,9,52500,4,2021,스포츠타운길 501
929,약사동,춘천롯데캐슬위너클래스,84.5453,25.57495325,202501,2025,1,9,53500,4,2024,방송길 41
930,퇴계동,퇴계이안,112.4741,34.02341525,202501,2025,1,9,42700,8,2007,영서로 2169
931,사농동,현대,59.86,18.10765,202501,2025,1,8,16800,4,2002,영서로 2920
932,퇴계동,퇴계현대2차,43.2,13.068,202501,2025,1,8,11500,14,1994,행촌로 14
933,동면,장학엘에이치해온채,84.89,25.679225,202501,2025,1,8,31400,8,2014,소양강로 102
934,동내면,현대성우오스타,84.96,25.7004,202501,2025,1,8,34300,6,2009,춘천순환로 93
935,퇴계동,퇴계주공1차,49.71,15.037275,202501,2025,1,7,14350,14,2000,퇴계로 167
936,동내면,초록지붕,84.4255,25.53871375,202501,2025,1,7,27000,13,2006,거두택지길 7
937,후평동,춘천일성트루엘더퍼스트,59.958,18.137295,202501,2025,1,6,30500,10,2018,백령로 215
938,효자동,동보,37.2,11.253,202501,2025,1,6,6950,4,1999,공지로200번길 13
939,석사동,석사대우,99.54,30.11085,202501,2025,1,6,31000,8,1998,우석로101번길 86
940,후평동,춘천일성트루엘더퍼스트,84.989,25.7091725,202501,2025,1,6,40000,8,2018,백령로 215
941,효자동,동보,28.38,8.58495,202501,2025,1,6,5450,7,1999,공지로200번길 13
942,석사동,석사부영,59.76,18.0774,202501,2025,1,5,14400,1,1998,우석로101번길 83
943,약사동,춘천롯데캐슬위너클래스,59.9319,18.12939975,202501,2025,1,5,43000,8,2024,방송길 41
944,우두동,동부,59.964,18.13911,202501,2025,1,5,18200,11,1994,충열로 32
945,후평동,후평주공7단지,39.3,11.88825,202501,2025,1,4,10000,3,1989,후만로 56
946,퇴계동,중앙하이츠빌1단지,84.8905,25.67937625,202501,2025,1,4,32000,12,2006,영서로2141번길 33
947,퇴계동,퇴계2주공,59.99,18.146975,202501,2025,1,4,17200,2,1999,퇴계로 168
948,퇴계동,그린타운삼익코오롱,99.99,30.246975,202501,2025,1,4,19500,1,1994,춘주로 174
949,퇴계동,퇴계현대2차,59.76,18.0774,202501,2025,1,4,13800,3,1994,행촌로 14
950,후평동,후평주공7단지,39.3,11.88825,202501,2025,1,4,11000,3,1989,후만로 56
951,소양로2가,소양로현대,84.95,25.697375,202501,2025,1,4,17800,7,1998,모수물길 60
952,동면,춘천장학아이파크,84.8976,25.681524,202501,2025,1,4,35500,9,2012,만천로 242
953,석사동,석사동현진에버빌1차,84.921,25.6886025,202501,2025,1,4,33000,9,2004,지석로 97
954,석사동,청구,59.965,18.1394125,202501,2025,1,4,16900,14,1997,서부대성로 332
955,온의동,춘천센트럴파크푸르지오,84.8968,25.681282,202501,2025,1,4,56500,15,2021,스포츠타운길 501
956,석사동,석사대우,134.34,40.63785,202501,2025,1,4,28500,3,1998,우석로101번길 86
957,우두동,춘천파크에뷰,74.99,22.684475,202501,2025,1,4,31000,2,2020,우두1길 129
958,사농동,롯데캐슬2단지,84.97,25.703425,202501,2025,1,4,26750,10,2008,마장길 60
959,사농동,춘천뉴시티코아루,84.9808,25.706692,202501,2025,1,4,28300,12,2013,영서로 2922
960,우두동,춘천파크에뷰,74.62,22.57255,202501,2025,1,3,32500,8,2020,우두1길 129
961,석사동,청구,59.965,18.1394125,202501,2025,1,3,16000,8,1997,서부대성로 332
962,사농동,춘천뉴시티코아루,84.9808,25.706692,202501,2025,1,3,28000,14,2013,영서로 2922
963,온의동,온의롯데캐슬스카이클래스,84.796,25.65079,202501,2025,1,3,59500,33,2015,방송길 70
964,석사동,퇴계주공4,59.99,18.146975,202501,2025,1,3,19200,5,1998,퇴계로 242
965,퇴계동,퇴계2주공,49.62,15.01005,202501,2025,1,3,16300,13,1999,퇴계로 168
966,후평동,석사2,58.14,17.58735,202501,2025,1,2,11700,7,1995,후석로228번길 24
967,동내면,호반베르디움,134.9845,40.83281125,202501,2025,1,2,46000,9,2009,외솔길19번길 80-7
968,소양로2가,e편한세상춘천,84.966,25.702215,202501,2025,1,2,37800,12,2014,서부대성로 33
969,퇴계동,일성2,84.92,25.6883,202501,2025,1,2,23000,16,1996,우묵길78번길 25
970,후평동,석사2,58.14,17.58735,202501,2025,1,2,13000,10,1995,후석로228번길 24
971,후평동,춘천더샵,127.2412,38.490463,202501,2025,1,2,40000,2,2008,후석로 325
